09/27 16:39:17.079: [amf] INFO: gNB-N2 accepted[127.0.0.1]:46361 in ng-path module (../src/amf/ngap-sctp.c:113)
09/27 16:39:17.080: [amf] INFO: gNB-N2 accepted[127.0.0.1] in master_sm module (../src/amf/amf-sm.c:818)
09/27 16:39:17.122: [amf] INFO: [Added] Number of gNBs is now 1 (../src/amf/context.c:1277)
09/27 16:39:17.123: [amf] INFO: gNB-N2[127.0.0.1] max_num_of_ostreams : 10 (../src/amf/amf-sm.c:865)
09/27 16:39:18.072: [amf] INFO: InitialUEMessage (../src/amf/ngap-handler.c:668)
09/27 16:39:18.072: [amf] INFO: [Added] Number of gNB-UEs is now 1 (../src/amf/context.c:2932)
09/27 16:39:18.072: [amf] INFO:     RAN_UE_NGAP_ID[1] AMF_UE_NGAP_ID[1] TAC[1] CellID[0x10] (../src/amf/ngap-handler.c:878)
09/27 16:39:18.075: [amf] INFO: [suci-0-999-70-0000-0-0-0000000001] Unknown UE by SUCI (../src/amf/context.c:1934)
09/27 16:39:18.075: [amf] INFO: [Added] Number of AMF-UEs is now 1 (../src/amf/context.c:1699)
09/27 16:39:18.075: [gmm] INFO: Registration request (../src/amf/gmm-sm.c:1678)
09/27 16:39:18.076: [gmm] INFO: [suci-0-999-70-0000-0-0-0000000001]    SUCI (../src/amf/gmm-handler.c:186)
09/27 16:39:18.079: [sbi] INFO: [8f80621e-ba5d-41f1-b193-fb78ebc7947b] Setup NF Instance [type:AUSF] (../lib/sbi/path.c:349)
09/27 16:39:18.204: [amf] INFO: Setup NF EndPoint(addr) [127.0.0.11:7777] (../src/amf/nausf-handler.c:130)
09/27 16:39:18.263: [sbi] INFO: [8f7cad36-ba5d-41f1-bd74-d3a7e6e884d3] Setup NF Instance [type:UDM] (../lib/sbi/path.c:349)
09/27 16:39:18.276: [sbi] INFO: [8f7cad36-ba5d-41f1-bd74-d3a7e6e884d3] Setup NF Instance [type:UDM] (../lib/sbi/path.c:349)
09/27 16:39:18.317: [amf] INFO: Setup NF EndPoint(addr) [127.0.0.12:7777] (../src/amf/nudm-handler.c:422)
09/27 16:39:18.326: [sbi] INFO: [9ae5ff38-ba5d-41f1-884b-3fb036632efa] Setup NF Instance [type:PCF] (../lib/sbi/path.c:349)
09/27 16:39:18.375: [amf] INFO: Setup NF EndPoint(addr) [127.0.0.13:7777] (../src/amf/npcf-handler.c:143)
09/27 16:39:18.582: [gmm] INFO: [imsi-999700000000001] Registration complete (../src/amf/gmm-sm.c:3165)
09/27 16:39:18.583: [amf] INFO: [imsi-999700000000001] Configuration update command (../src/amf/nas-path.c:609)
09/27 16:39:18.583: [gmm] INFO:     UTC [2026-09-27T11:09:18] Timezone[0]/DST[0] (../src/amf/gmm-build.c:551)
09/27 16:39:18.583: [gmm] INFO:     LOCAL [2026-09-27T16:39:18] Timezone[19800]/DST[0] (../src/amf/gmm-build.c:556)
09/27 16:39:18.584: [amf] INFO: [Added] Number of AMF-Sessions is now 1 (../src/amf/context.c:2953)
09/27 16:39:18.584: [gmm] INFO: UE SUPI[imsi-999700000000001] DNN[internet] LBO[0] S_NSSAI[SST:1 SD:0xffffff] smContextRef[NULL] smContextResourceURI[NULL] (../src/amf/gmm-handler.c:1430)
09/27 16:39:18.584: [gmm] INFO: V-SMF Instance [906c29ec-ba5d-41f1-be52-ad912ab46b09](LIST) (../src/amf/gmm-handler.c:1507)
09/27 16:39:18.584: [gmm] INFO: [906c29ec-ba5d-41f1-be52-ad912ab46b09] Setup NF Instance [type:SMF] (../src/amf/gmm-handler.c:1509)
09/27 16:39:18.584: [gmm] INFO: V-SMF Instance [906c29ec-ba5d-41f1-be52-ad912ab46b09] (../src/amf/gmm-handler.c:1519)
09/27 16:39:18.584: [gmm] INFO: V-SMF discovered in Non-Roaming or LBO-Roaming[0] (../src/amf/gmm-handler.c:1588)
09/27 16:39:18.584: [gmm] INFO: nsmf_pdusession [1:0x65506a9e8e70:(nil)] (../src/amf/gmm-handler.c:1628)
09/27 16:39:18.629: [amf] INFO: Setup NF EndPoint(addr) [127.0.0.4:7777] (../src/amf/nsmf-handler.c:140)
09/27 16:39:18.701: [sbi] INFO: GOAWAY received: last-stream-id=0 (../lib/sbi/nghttp2-server.c:1376)
09/27 16:39:18.701: [sbi] INFO: error_code=0 (../lib/sbi/nghttp2-server.c:1378)
09/27 16:39:18.754: [amf] INFO: [imsi-999700000000001:1:11][0:0:NULL] /nsmf-pdusession/v1/sm-contexts/{smContextRef}/modify (../src/amf/nsmf-handler.c:983)
09/27 17:45:30.151: [amf] INFO: [imsi-999700000000001:1:13][0:0:NULL] /nsmf-pdusession/v1/sm-contexts/{smContextRef}/modify (../src/amf/nsmf-handler.c:983)
09/27 17:45:30.153: [amf] INFO: UE Context Release [Action:2] (../src/amf/ngap-handler.c:1961)
09/27 17:45:30.153: [amf] INFO:     RAN_UE_NGAP_ID[1] AMF_UE_NGAP_ID[1] (../src/amf/ngap-handler.c:1962)
09/27 17:45:30.153: [amf] INFO:     SUCI[suci-0-999-70-0000-0-0-0000000001] (../src/amf/ngap-handler.c:1966)
09/27 17:45:30.154: [amf] INFO: [Removed] Number of gNB-UEs is now 0 (../src/amf/context.c:2939)
09/27 17:58:30.164: [gmm] WARNING: [imsi-999700000000001] Mobile Reachable Timer Expired (../src/amf/gmm-sm.c:1020)
09/27 17:59:00.178: [amf] INFO: InitialUEMessage (../src/amf/ngap-handler.c:668)
09/27 17:59:00.178: [amf] INFO: [Added] Number of gNB-UEs is now 1 (../src/amf/context.c:2932)
09/27 17:59:00.178: [amf] INFO:     RAN_UE_NGAP_ID[2] AMF_UE_NGAP_ID[2] TAC[1] CellID[0x10] (../src/amf/ngap-handler.c:878)
09/27 17:59:00.178: [amf] INFO: [suci-0-999-70-0000-0-0-0000000001] known UE by SUCI (../src/amf/context.c:1932)
09/27 17:59:00.178: [gmm] INFO: Registration request (../src/amf/gmm-sm.c:1678)
09/27 17:59:00.178: [gmm] INFO: [suci-0-999-70-0000-0-0-0000000001]    SUCI (../src/amf/gmm-handler.c:186)
09/27 17:59:00.221: [amf] INFO: [imsi-999700000000001:1] Release SM context [204] (../src/amf/amf-sm.c:615)
09/27 17:59:00.222: [amf] INFO: [imsi-999700000000001:1] Release SM Context [state:31] (../src/amf/nsmf-handler.c:1200)
09/27 17:59:00.222: [amf] INFO: [Removed] Number of AMF-Sessions is now 0 (../src/amf/context.c:2960)
09/27 17:59:00.241: [amf] WARNING: UnRef NF EndPoint(addr) [127.0.0.11:7777] (../src/amf/nausf-handler.c:130)
09/27 17:59:00.241: [amf] INFO: Setup NF EndPoint(addr) [127.0.0.11:7777] (../src/amf/nausf-handler.c:130)
09/27 17:59:00.314: [amf] WARNING: UnRef NF EndPoint(addr) [127.0.0.13:7777] (../src/amf/npcf-handler.c:143)
09/27 17:59:00.314: [amf] INFO: Setup NF EndPoint(addr) [127.0.0.13:7777] (../src/amf/npcf-handler.c:143)
09/27 17:59:00.520: [gmm] INFO: [imsi-999700000000001] Registration complete (../src/amf/gmm-sm.c:3165)
09/27 17:59:00.520: [amf] INFO: [imsi-999700000000001] Configuration update command (../src/amf/nas-path.c:609)
09/27 17:59:00.520: [gmm] INFO:     UTC [2026-09-27T12:29:00] Timezone[0]/DST[0] (../src/amf/gmm-build.c:551)
09/27 17:59:00.520: [gmm] INFO:     LOCAL [2026-09-27T17:59:00] Timezone[19800]/DST[0] (../src/amf/gmm-build.c:556)
09/27 17:59:00.521: [amf] INFO: [Added] Number of AMF-Sessions is now 1 (../src/amf/context.c:2953)
09/27 17:59:00.521: [gmm] INFO: UE SUPI[imsi-999700000000001] DNN[internet] LBO[0] S_NSSAI[SST:1 SD:0xffffff] smContextRef[NULL] smContextResourceURI[NULL] (../src/amf/gmm-handler.c:1430)
09/27 17:59:00.525: [gmm] INFO: V-SMF Instance [906c29ec-ba5d-41f1-be52-ad912ab46b09](LIST) (../src/amf/gmm-handler.c:1507)
09/27 17:59:00.525: [gmm] INFO: [906c29ec-ba5d-41f1-be52-ad912ab46b09] Setup NF Instance [type:SMF] (../src/amf/gmm-handler.c:1509)
09/27 17:59:00.525: [gmm] INFO: V-SMF Instance [906c29ec-ba5d-41f1-be52-ad912ab46b09] (../src/amf/gmm-handler.c:1519)
09/27 17:59:00.525: [gmm] INFO: V-SMF discovered in Non-Roaming or LBO-Roaming[0] (../src/amf/gmm-handler.c:1588)
09/27 17:59:00.525: [gmm] INFO: nsmf_pdusession [1:0x65506a9e8e70:(nil)] (../src/amf/gmm-handler.c:1628)
09/27 17:59:00.547: [amf] INFO: Setup NF EndPoint(addr) [127.0.0.4:7777] (../src/amf/nsmf-handler.c:140)
09/27 17:59:00.570: [sbi] INFO: GOAWAY received: last-stream-id=0 (../lib/sbi/nghttp2-server.c:1376)
09/27 17:59:00.570: [sbi] INFO: error_code=0 (../lib/sbi/nghttp2-server.c:1378)
09/27 17:59:00.612: [amf] INFO: [imsi-999700000000001:1:11][0:0:NULL] /nsmf-pdusession/v1/sm-contexts/{smContextRef}/modify (../src/amf/nsmf-handler.c:983)
09/27 18:15:36.968: [amf] INFO: InitialUEMessage (../src/amf/ngap-handler.c:668)
09/27 18:15:36.968: [amf] INFO: [Added] Number of gNB-UEs is now 2 (../src/amf/context.c:2932)
09/27 18:15:36.968: [amf] INFO:     RAN_UE_NGAP_ID[3] AMF_UE_NGAP_ID[3] TAC[1] CellID[0x10] (../src/amf/ngap-handler.c:878)
09/27 18:15:36.968: [amf] INFO: [suci-0-999-70-0000-0-0-0000000001] known UE by SUCI (../src/amf/context.c:1932)
09/27 18:15:36.968: [amf] WARNING: [suci-0-999-70-0000-0-0-0000000001] Holding NG Context (../src/amf/amf-sm.c:1042)
09/27 18:15:36.968: [amf] WARNING: [suci-0-999-70-0000-0-0-0000000001]    RAN_UE_NGAP_ID[2] AMF_UE_NGAP_ID[2] (../src/amf/amf-sm.c:1042)
09/27 18:15:36.968: [gmm] INFO: Registration request (../src/amf/gmm-sm.c:1678)
09/27 18:15:36.968: [gmm] INFO: [suci-0-999-70-0000-0-0-0000000001]    SUCI (../src/amf/gmm-handler.c:186)
09/27 18:15:37.002: [amf] INFO: [imsi-999700000000001:1] Release SM context [204] (../src/amf/amf-sm.c:615)
09/27 18:15:37.002: [amf] INFO: [imsi-999700000000001:1] Release SM Context [state:31] (../src/amf/nsmf-handler.c:1200)
09/27 18:15:37.002: [amf] INFO: [Removed] Number of AMF-Sessions is now 0 (../src/amf/context.c:2960)
09/27 18:15:37.020: [amf] WARNING: UnRef NF EndPoint(addr) [127.0.0.11:7777] (../src/amf/nausf-handler.c:130)
09/27 18:15:37.020: [amf] INFO: Setup NF EndPoint(addr) [127.0.0.11:7777] (../src/amf/nausf-handler.c:130)
09/27 18:15:37.049: [gmm] WARNING: [suci-0-999-70-0000-0-0-0000000001] Clear NG Context (../src/amf/gmm-sm.c:2597)
09/27 18:15:37.049: [gmm] WARNING: [suci-0-999-70-0000-0-0-0000000001]    RAN_UE_NGAP_ID[2] AMF_UE_NGAP_ID[2] (../src/amf/gmm-sm.c:2597)
09/27 18:15:37.054: [amf] INFO: UE Context Release [Action:1] (../src/amf/ngap-handler.c:1961)
09/27 18:15:37.054: [amf] INFO:     RAN_UE_NGAP_ID[2] AMF_UE_NGAP_ID[2] (../src/amf/ngap-handler.c:1962)
09/27 18:15:37.054: [amf] INFO: [Removed] Number of gNB-UEs is now 1 (../src/amf/context.c:2939)
09/27 18:15:37.088: [amf] WARNING: UnRef NF EndPoint(addr) [127.0.0.13:7777] (../src/amf/npcf-handler.c:143)
09/27 18:15:37.088: [amf] INFO: Setup NF EndPoint(addr) [127.0.0.13:7777] (../src/amf/npcf-handler.c:143)
09/27 18:15:37.294: [gmm] INFO: [imsi-999700000000001] Registration complete (../src/amf/gmm-sm.c:3165)
09/27 18:15:37.294: [amf] INFO: [imsi-999700000000001] Configuration update command (../src/amf/nas-path.c:609)
09/27 18:15:37.294: [gmm] INFO:     UTC [2026-09-27T12:45:37] Timezone[0]/DST[0] (../src/amf/gmm-build.c:551)
09/27 18:15:37.294: [gmm] INFO:     LOCAL [2026-09-27T18:15:37] Timezone[19800]/DST[0] (../src/amf/gmm-build.c:556)
09/27 18:15:37.295: [amf] INFO: [Added] Number of AMF-Sessions is now 1 (../src/amf/context.c:2953)
09/27 18:15:37.295: [gmm] INFO: UE SUPI[imsi-999700000000001] DNN[internet] LBO[0] S_NSSAI[SST:1 SD:0xffffff] smContextRef[NULL] smContextResourceURI[NULL] (../src/amf/gmm-handler.c:1430)
09/27 18:15:37.295: [gmm] INFO: V-SMF Instance [906c29ec-ba5d-41f1-be52-ad912ab46b09](LIST) (../src/amf/gmm-handler.c:1507)
09/27 18:15:37.295: [gmm] INFO: [906c29ec-ba5d-41f1-be52-ad912ab46b09] Setup NF Instance [type:SMF] (../src/amf/gmm-handler.c:1509)
09/27 18:15:37.295: [gmm] INFO: V-SMF Instance [906c29ec-ba5d-41f1-be52-ad912ab46b09] (../src/amf/gmm-handler.c:1519)
09/27 18:15:37.295: [gmm] INFO: V-SMF discovered in Non-Roaming or LBO-Roaming[0] (../src/amf/gmm-handler.c:1588)
09/27 18:15:37.295: [gmm] INFO: nsmf_pdusession [1:0x65506a9e8e70:(nil)] (../src/amf/gmm-handler.c:1628)
09/27 18:15:37.316: [amf] INFO: Setup NF EndPoint(addr) [127.0.0.4:7777] (../src/amf/nsmf-handler.c:140)
09/27 18:15:37.333: [sbi] INFO: GOAWAY received: last-stream-id=0 (../lib/sbi/nghttp2-server.c:1376)
09/27 18:15:37.333: [sbi] INFO: error_code=0 (../lib/sbi/nghttp2-server.c:1378)
09/27 18:15:37.380: [amf] INFO: [imsi-999700000000001:1:11][0:0:NULL] /nsmf-pdusession/v1/sm-contexts/{smContextRef}/modify (../src/amf/nsmf-handler.c:983)
09/27 18:16:08.379: [amf] INFO: InitialUEMessage (../src/amf/ngap-handler.c:668)
09/27 18:16:08.379: [amf] INFO: [Added] Number of gNB-UEs is now 2 (../src/amf/context.c:2932)
09/27 18:16:08.379: [amf] INFO:     RAN_UE_NGAP_ID[4] AMF_UE_NGAP_ID[4] TAC[1] CellID[0x10] (../src/amf/ngap-handler.c:878)
09/27 18:16:08.379: [amf] INFO: [suci-0-999-70-0000-0-0-0000000001] known UE by SUCI (../src/amf/context.c:1932)
09/27 18:16:08.379: [amf] WARNING: [suci-0-999-70-0000-0-0-0000000001] Holding NG Context (../src/amf/amf-sm.c:1042)
09/27 18:16:08.379: [amf] WARNING: [suci-0-999-70-0000-0-0-0000000001]    RAN_UE_NGAP_ID[3] AMF_UE_NGAP_ID[3] (../src/amf/amf-sm.c:1042)
09/27 18:16:08.379: [gmm] INFO: Registration request (../src/amf/gmm-sm.c:1678)
09/27 18:16:08.379: [gmm] INFO: [suci-0-999-70-0000-0-0-0000000001]    SUCI (../src/amf/gmm-handler.c:186)
09/27 18:16:08.406: [amf] INFO: [imsi-999700000000001:1] Release SM context [204] (../src/amf/amf-sm.c:615)
09/27 18:16:08.406: [amf] INFO: [imsi-999700000000001:1] Release SM Context [state:31] (../src/amf/nsmf-handler.c:1200)
09/27 18:16:08.406: [amf] INFO: [Removed] Number of AMF-Sessions is now 0 (../src/amf/context.c:2960)
09/27 18:16:08.427: [amf] WARNING: UnRef NF EndPoint(addr) [127.0.0.11:7777] (../src/amf/nausf-handler.c:130)
09/27 18:16:08.428: [amf] INFO: Setup NF EndPoint(addr) [127.0.0.11:7777] (../src/amf/nausf-handler.c:130)
09/27 18:16:08.460: [gmm] WARNING: [suci-0-999-70-0000-0-0-0000000001] Clear NG Context (../src/amf/gmm-sm.c:2597)
09/27 18:16:08.460: [gmm] WARNING: [suci-0-999-70-0000-0-0-0000000001]    RAN_UE_NGAP_ID[3] AMF_UE_NGAP_ID[3] (../src/amf/gmm-sm.c:2597)
09/27 18:16:08.463: [amf] INFO: UE Context Release [Action:1] (../src/amf/ngap-handler.c:1961)
09/27 18:16:08.463: [amf] INFO:     RAN_UE_NGAP_ID[3] AMF_UE_NGAP_ID[3] (../src/amf/ngap-handler.c:1962)
09/27 18:16:08.463: [amf] INFO: [Removed] Number of gNB-UEs is now 1 (../src/amf/context.c:2939)
09/27 18:16:08.508: [amf] WARNING: UnRef NF EndPoint(addr) [127.0.0.13:7777] (../src/amf/npcf-handler.c:143)
09/27 18:16:08.508: [amf] INFO: Setup NF EndPoint(addr) [127.0.0.13:7777] (../src/amf/npcf-handler.c:143)
09/27 18:16:08.711: [gmm] INFO: [imsi-999700000000001] Registration complete (../src/amf/gmm-sm.c:3165)
09/27 18:16:08.711: [amf] INFO: [imsi-999700000000001] Configuration update command (../src/amf/nas-path.c:609)
09/27 18:16:08.711: [gmm] INFO:     UTC [2026-09-27T12:46:08] Timezone[0]/DST[0] (../src/amf/gmm-build.c:551)
09/27 18:16:08.711: [gmm] INFO:     LOCAL [2026-09-27T18:16:08] Timezone[19800]/DST[0] (../src/amf/gmm-build.c:556)
09/27 18:16:08.714: [amf] INFO: [Added] Number of AMF-Sessions is now 1 (../src/amf/context.c:2953)
09/27 18:16:08.714: [gmm] INFO: UE SUPI[imsi-999700000000001] DNN[internet] LBO[0] S_NSSAI[SST:1 SD:0xffffff] smContextRef[NULL] smContextResourceURI[NULL] (../src/amf/gmm-handler.c:1430)
09/27 18:16:08.714: [gmm] INFO: V-SMF Instance [906c29ec-ba5d-41f1-be52-ad912ab46b09](LIST) (../src/amf/gmm-handler.c:1507)
09/27 18:16:08.714: [gmm] INFO: [906c29ec-ba5d-41f1-be52-ad912ab46b09] Setup NF Instance [type:SMF] (../src/amf/gmm-handler.c:1509)
09/27 18:16:08.714: [gmm] INFO: V-SMF Instance [906c29ec-ba5d-41f1-be52-ad912ab46b09] (../src/amf/gmm-handler.c:1519)
09/27 18:16:08.714: [gmm] INFO: V-SMF discovered in Non-Roaming or LBO-Roaming[0] (../src/amf/gmm-handler.c:1588)
09/27 18:16:08.714: [gmm] INFO: nsmf_pdusession [1:0x65506a9e8e70:(nil)] (../src/amf/gmm-handler.c:1628)
09/27 18:16:08.739: [amf] INFO: Setup NF EndPoint(addr) [127.0.0.4:7777] (../src/amf/nsmf-handler.c:140)
09/27 18:16:08.788: [amf] INFO: [imsi-999700000000001:1:11][0:0:NULL] /nsmf-pdusession/v1/sm-contexts/{smContextRef}/modify (../src/amf/nsmf-handler.c:983)
09/27 18:59:41.814: [amf] INFO: InitialUEMessage (../src/amf/ngap-handler.c:668)
09/27 18:59:41.823: [amf] INFO: [Added] Number of gNB-UEs is now 2 (../src/amf/context.c:2932)
09/27 18:59:41.824: [amf] INFO:     RAN_UE_NGAP_ID[5] AMF_UE_NGAP_ID[5] TAC[1] CellID[0x10] (../src/amf/ngap-handler.c:878)
09/27 18:59:41.831: [amf] INFO: [suci-0-999-70-0000-0-0-0000000001] known UE by SUCI (../src/amf/context.c:1932)
09/27 18:59:41.834: [amf] WARNING: [suci-0-999-70-0000-0-0-0000000001] Holding NG Context (../src/amf/amf-sm.c:1042)
09/27 18:59:41.835: [amf] WARNING: [suci-0-999-70-0000-0-0-0000000001]    RAN_UE_NGAP_ID[4] AMF_UE_NGAP_ID[4] (../src/amf/amf-sm.c:1042)
09/27 18:59:41.839: [gmm] INFO: Registration request (../src/amf/gmm-sm.c:1678)
09/27 18:59:41.841: [gmm] INFO: [suci-0-999-70-0000-0-0-0000000001]    SUCI (../src/amf/gmm-handler.c:186)
09/27 18:59:42.031: [amf] INFO: [imsi-999700000000001:1] Release SM context [204] (../src/amf/amf-sm.c:615)
09/27 18:59:42.032: [amf] INFO: [imsi-999700000000001:1] Release SM Context [state:31] (../src/amf/nsmf-handler.c:1200)
09/27 18:59:42.033: [amf] INFO: [Removed] Number of AMF-Sessions is now 0 (../src/amf/context.c:2960)
09/27 18:59:42.137: [amf] WARNING: UnRef NF EndPoint(addr) [127.0.0.11:7777] (../src/amf/nausf-handler.c:130)
09/27 18:59:42.137: [amf] INFO: Setup NF EndPoint(addr) [127.0.0.11:7777] (../src/amf/nausf-handler.c:130)
09/27 18:59:42.222: [gmm] WARNING: [suci-0-999-70-0000-0-0-0000000001] Clear NG Context (../src/amf/gmm-sm.c:2597)
09/27 18:59:42.222: [gmm] WARNING: [suci-0-999-70-0000-0-0-0000000001]    RAN_UE_NGAP_ID[4] AMF_UE_NGAP_ID[4] (../src/amf/gmm-sm.c:2597)
09/27 18:59:42.247: [amf] INFO: UE Context Release [Action:1] (../src/amf/ngap-handler.c:1961)
09/27 18:59:42.247: [amf] INFO:     RAN_UE_NGAP_ID[4] AMF_UE_NGAP_ID[4] (../src/amf/ngap-handler.c:1962)
09/27 18:59:42.249: [amf] INFO: [Removed] Number of gNB-UEs is now 1 (../src/amf/context.c:2939)
09/27 18:59:42.314: [amf] WARNING: UnRef NF EndPoint(addr) [127.0.0.13:7777] (../src/amf/npcf-handler.c:143)
09/27 18:59:42.314: [amf] INFO: Setup NF EndPoint(addr) [127.0.0.13:7777] (../src/amf/npcf-handler.c:143)
09/27 18:59:42.527: [gmm] INFO: [imsi-999700000000001] Registration complete (../src/amf/gmm-sm.c:3165)
09/27 18:59:42.528: [amf] INFO: [imsi-999700000000001] Configuration update command (../src/amf/nas-path.c:609)
09/27 18:59:42.528: [gmm] INFO:     UTC [2026-09-27T13:29:42] Timezone[0]/DST[0] (../src/amf/gmm-build.c:551)
09/27 18:59:42.528: [gmm] INFO:     LOCAL [2026-09-27T18:59:42] Timezone[19800]/DST[0] (../src/amf/gmm-build.c:556)
09/27 18:59:42.533: [amf] INFO: [Added] Number of AMF-Sessions is now 1 (../src/amf/context.c:2953)
09/27 18:59:42.533: [gmm] INFO: UE SUPI[imsi-999700000000001] DNN[internet] LBO[0] S_NSSAI[SST:1 SD:0xffffff] smContextRef[NULL] smContextResourceURI[NULL] (../src/amf/gmm-handler.c:1430)
09/27 18:59:42.533: [gmm] INFO: V-SMF Instance [906c29ec-ba5d-41f1-be52-ad912ab46b09](LIST) (../src/amf/gmm-handler.c:1507)
09/27 18:59:42.533: [gmm] INFO: [906c29ec-ba5d-41f1-be52-ad912ab46b09] Setup NF Instance [type:SMF] (../src/amf/gmm-handler.c:1509)
09/27 18:59:42.533: [gmm] INFO: V-SMF Instance [906c29ec-ba5d-41f1-be52-ad912ab46b09] (../src/amf/gmm-handler.c:1519)
09/27 18:59:42.533: [gmm] INFO: V-SMF discovered in Non-Roaming or LBO-Roaming[0] (../src/amf/gmm-handler.c:1588)
09/27 18:59:42.533: [gmm] INFO: nsmf_pdusession [1:0x65506a9e8e70:(nil)] (../src/amf/gmm-handler.c:1628)
09/27 18:59:42.587: [amf] INFO: Setup NF EndPoint(addr) [127.0.0.4:7777] (../src/amf/nsmf-handler.c:140)
09/27 18:59:42.670: [sbi] INFO: GOAWAY received: last-stream-id=0 (../lib/sbi/nghttp2-server.c:1376)
09/27 18:59:42.671: [sbi] INFO: error_code=0 (../lib/sbi/nghttp2-server.c:1378)
09/27 18:59:42.740: [amf] INFO: [imsi-999700000000001:1:11][0:0:NULL] /nsmf-pdusession/v1/sm-contexts/{smContextRef}/modify (../src/amf/nsmf-handler.c:983)
09/27 18:59:46.665: [amf] INFO: [imsi-999700000000001:1:13][0:0:NULL] /nsmf-pdusession/v1/sm-contexts/{smContextRef}/modify (../src/amf/nsmf-handler.c:983)
09/27 18:59:46.671: [amf] INFO: UE Context Release [Action:2] (../src/amf/ngap-handler.c:1961)
09/27 18:59:46.671: [amf] INFO:     RAN_UE_NGAP_ID[5] AMF_UE_NGAP_ID[5] (../src/amf/ngap-handler.c:1962)
09/27 18:59:46.671: [amf] INFO:     SUCI[suci-0-999-70-0000-0-0-0000000001] (../src/amf/ngap-handler.c:1966)
09/27 18:59:46.671: [amf] INFO: [Removed] Number of gNB-UEs is now 0 (../src/amf/context.c:2939)
09/27 18:59:47.151: [amf] INFO: InitialUEMessage (../src/amf/ngap-handler.c:668)
09/27 18:59:47.151: [amf] INFO: [Added] Number of gNB-UEs is now 1 (../src/amf/context.c:2932)
09/27 18:59:47.151: [amf] INFO:     RAN_UE_NGAP_ID[6] AMF_UE_NGAP_ID[6] TAC[1] CellID[0x10] (../src/amf/ngap-handler.c:878)
09/27 18:59:47.151: [amf] INFO: [suci-0-999-70-0000-0-0-0000000001] known UE by SUCI (../src/amf/context.c:1932)
09/27 18:59:47.151: [gmm] INFO: Registration request (../src/amf/gmm-sm.c:1678)
09/27 18:59:47.151: [gmm] INFO: [suci-0-999-70-0000-0-0-0000000001]    SUCI (../src/amf/gmm-handler.c:186)
09/27 18:59:47.178: [amf] INFO: [imsi-999700000000001:1] Release SM context [204] (../src/amf/amf-sm.c:615)
09/27 18:59:47.178: [amf] INFO: [imsi-999700000000001:1] Release SM Context [state:31] (../src/amf/nsmf-handler.c:1200)
09/27 18:59:47.178: [amf] INFO: [Removed] Number of AMF-Sessions is now 0 (../src/amf/context.c:2960)
09/27 18:59:47.195: [amf] WARNING: UnRef NF EndPoint(addr) [127.0.0.11:7777] (../src/amf/nausf-handler.c:130)
09/27 18:59:47.195: [amf] INFO: Setup NF EndPoint(addr) [127.0.0.11:7777] (../src/amf/nausf-handler.c:130)
09/27 18:59:47.274: [amf] WARNING: UnRef NF EndPoint(addr) [127.0.0.13:7777] (../src/amf/npcf-handler.c:143)
09/27 18:59:47.274: [amf] INFO: Setup NF EndPoint(addr) [127.0.0.13:7777] (../src/amf/npcf-handler.c:143)
09/27 18:59:47.489: [gmm] INFO: [imsi-999700000000001] Registration complete (../src/amf/gmm-sm.c:3165)
09/27 18:59:47.490: [amf] INFO: [imsi-999700000000001] Configuration update command (../src/amf/nas-path.c:609)
09/27 18:59:47.490: [gmm] INFO:     UTC [2026-09-27T13:29:47] Timezone[0]/DST[0] (../src/amf/gmm-build.c:551)
09/27 18:59:47.490: [gmm] INFO:     LOCAL [2026-09-27T18:59:47] Timezone[19800]/DST[0] (../src/amf/gmm-build.c:556)
09/27 18:59:47.491: [amf] INFO: [Added] Number of AMF-Sessions is now 1 (../src/amf/context.c:2953)
09/27 18:59:47.491: [gmm] INFO: UE SUPI[imsi-999700000000001] DNN[internet] LBO[0] S_NSSAI[SST:1 SD:0xffffff] smContextRef[NULL] smContextResourceURI[NULL] (../src/amf/gmm-handler.c:1430)
09/27 18:59:47.491: [gmm] INFO: V-SMF Instance [906c29ec-ba5d-41f1-be52-ad912ab46b09](LIST) (../src/amf/gmm-handler.c:1507)
09/27 18:59:47.491: [gmm] INFO: [906c29ec-ba5d-41f1-be52-ad912ab46b09] Setup NF Instance [type:SMF] (../src/amf/gmm-handler.c:1509)
09/27 18:59:47.491: [gmm] INFO: V-SMF Instance [906c29ec-ba5d-41f1-be52-ad912ab46b09] (../src/amf/gmm-handler.c:1519)
09/27 18:59:47.491: [gmm] INFO: V-SMF discovered in Non-Roaming or LBO-Roaming[0] (../src/amf/gmm-handler.c:1588)
09/27 18:59:47.491: [gmm] INFO: nsmf_pdusession [1:0x65506a9e8e70:(nil)] (../src/amf/gmm-handler.c:1628)
09/27 18:59:47.519: [amf] INFO: Setup NF EndPoint(addr) [127.0.0.4:7777] (../src/amf/nsmf-handler.c:140)
09/27 18:59:47.586: [amf] INFO: [imsi-999700000000001:1:11][0:0:NULL] /nsmf-pdusession/v1/sm-contexts/{smContextRef}/modify (../src/amf/nsmf-handler.c:983)
09/27 18:59:47.906: [amf] INFO: InitialUEMessage (../src/amf/ngap-handler.c:668)
09/27 18:59:47.906: [amf] INFO: [Added] Number of gNB-UEs is now 2 (../src/amf/context.c:2932)
09/27 18:59:47.906: [amf] INFO:     RAN_UE_NGAP_ID[7] AMF_UE_NGAP_ID[7] TAC[1] CellID[0x10] (../src/amf/ngap-handler.c:878)
09/27 18:59:47.906: [amf] INFO: [suci-0-999-70-0000-0-0-0000000001] known UE by SUCI (../src/amf/context.c:1932)
09/27 18:59:47.906: [amf] WARNING: [suci-0-999-70-0000-0-0-0000000001] Holding NG Context (../src/amf/amf-sm.c:1042)
09/27 18:59:47.907: [amf] WARNING: [suci-0-999-70-0000-0-0-0000000001]    RAN_UE_NGAP_ID[6] AMF_UE_NGAP_ID[6] (../src/amf/amf-sm.c:1042)
09/27 18:59:47.907: [gmm] INFO: Registration request (../src/amf/gmm-sm.c:1678)
09/27 18:59:47.907: [gmm] INFO: [suci-0-999-70-0000-0-0-0000000001]    SUCI (../src/amf/gmm-handler.c:186)
09/27 18:59:47.927: [amf] INFO: [imsi-999700000000001:1] Release SM context [204] (../src/amf/amf-sm.c:615)
09/27 18:59:47.927: [amf] INFO: [imsi-999700000000001:1] Release SM Context [state:31] (../src/amf/nsmf-handler.c:1200)
09/27 18:59:47.927: [amf] INFO: [Removed] Number of AMF-Sessions is now 0 (../src/amf/context.c:2960)
09/27 18:59:47.944: [amf] WARNING: UnRef NF EndPoint(addr) [127.0.0.11:7777] (../src/amf/nausf-handler.c:130)
09/27 18:59:47.944: [amf] INFO: Setup NF EndPoint(addr) [127.0.0.11:7777] (../src/amf/nausf-handler.c:130)
09/27 18:59:47.977: [gmm] WARNING: [suci-0-999-70-0000-0-0-0000000001] Clear NG Context (../src/amf/gmm-sm.c:2597)
09/27 18:59:47.978: [gmm] WARNING: [suci-0-999-70-0000-0-0-0000000001]    RAN_UE_NGAP_ID[6] AMF_UE_NGAP_ID[6] (../src/amf/gmm-sm.c:2597)
09/27 18:59:47.981: [amf] INFO: UE Context Release [Action:1] (../src/amf/ngap-handler.c:1961)
09/27 18:59:47.981: [amf] INFO:     RAN_UE_NGAP_ID[6] AMF_UE_NGAP_ID[6] (../src/amf/ngap-handler.c:1962)
09/27 18:59:47.982: [amf] INFO: [Removed] Number of gNB-UEs is now 1 (../src/amf/context.c:2939)
09/27 18:59:48.022: [amf] WARNING: UnRef NF EndPoint(addr) [127.0.0.13:7777] (../src/amf/npcf-handler.c:143)
09/27 18:59:48.022: [amf] INFO: Setup NF EndPoint(addr) [127.0.0.13:7777] (../src/amf/npcf-handler.c:143)
09/27 18:59:48.237: [gmm] INFO: [imsi-999700000000001] Registration complete (../src/amf/gmm-sm.c:3165)
09/27 18:59:48.237: [amf] INFO: [imsi-999700000000001] Configuration update command (../src/amf/nas-path.c:609)
09/27 18:59:48.237: [gmm] INFO:     UTC [2026-09-27T13:29:48] Timezone[0]/DST[0] (../src/amf/gmm-build.c:551)
09/27 18:59:48.237: [gmm] INFO:     LOCAL [2026-09-27T18:59:48] Timezone[19800]/DST[0] (../src/amf/gmm-build.c:556)
09/27 18:59:48.242: [amf] INFO: [Added] Number of AMF-Sessions is now 1 (../src/amf/context.c:2953)
09/27 18:59:48.242: [gmm] INFO: UE SUPI[imsi-999700000000001] DNN[internet] LBO[0] S_NSSAI[SST:1 SD:0xffffff] smContextRef[NULL] smContextResourceURI[NULL] (../src/amf/gmm-handler.c:1430)
09/27 18:59:48.242: [gmm] INFO: V-SMF Instance [906c29ec-ba5d-41f1-be52-ad912ab46b09](LIST) (../src/amf/gmm-handler.c:1507)
09/27 18:59:48.242: [gmm] INFO: [906c29ec-ba5d-41f1-be52-ad912ab46b09] Setup NF Instance [type:SMF] (../src/amf/gmm-handler.c:1509)
09/27 18:59:48.242: [gmm] INFO: V-SMF Instance [906c29ec-ba5d-41f1-be52-ad912ab46b09] (../src/amf/gmm-handler.c:1519)
09/27 18:59:48.242: [gmm] INFO: V-SMF discovered in Non-Roaming or LBO-Roaming[0] (../src/amf/gmm-handler.c:1588)
09/27 18:59:48.242: [gmm] INFO: nsmf_pdusession [1:0x65506a9e8e70:(nil)] (../src/amf/gmm-handler.c:1628)
09/27 18:59:48.304: [amf] INFO: Setup NF EndPoint(addr) [127.0.0.4:7777] (../src/amf/nsmf-handler.c:140)
09/27 18:59:48.456: [amf] INFO: [imsi-999700000000001:1:11][0:0:NULL] /nsmf-pdusession/v1/sm-contexts/{smContextRef}/modify (../src/amf/nsmf-handler.c:983)
09/27 18:59:51.126: [amf] INFO: InitialUEMessage (../src/amf/ngap-handler.c:668)
09/27 18:59:51.126: [amf] INFO: [Added] Number of gNB-UEs is now 2 (../src/amf/context.c:2932)
09/27 18:59:51.126: [amf] INFO:     RAN_UE_NGAP_ID[8] AMF_UE_NGAP_ID[8] TAC[1] CellID[0x10] (../src/amf/ngap-handler.c:878)
09/27 18:59:51.126: [amf] INFO: [suci-0-999-70-0000-0-0-0000000001] known UE by SUCI (../src/amf/context.c:1932)
09/27 18:59:51.126: [amf] WARNING: [suci-0-999-70-0000-0-0-0000000001] Holding NG Context (../src/amf/amf-sm.c:1042)
09/27 18:59:51.126: [amf] WARNING: [suci-0-999-70-0000-0-0-0000000001]    RAN_UE_NGAP_ID[7] AMF_UE_NGAP_ID[7] (../src/amf/amf-sm.c:1042)
09/27 18:59:51.126: [gmm] INFO: Registration request (../src/amf/gmm-sm.c:1678)
09/27 18:59:51.126: [gmm] INFO: [suci-0-999-70-0000-0-0-0000000001]    SUCI (../src/amf/gmm-handler.c:186)
09/27 18:59:51.153: [amf] INFO: [imsi-999700000000001:1] Release SM context [204] (../src/amf/amf-sm.c:615)
09/27 18:59:51.153: [amf] INFO: [imsi-999700000000001:1] Release SM Context [state:31] (../src/amf/nsmf-handler.c:1200)
09/27 18:59:51.153: [amf] INFO: [Removed] Number of AMF-Sessions is now 0 (../src/amf/context.c:2960)
09/27 18:59:51.169: [amf] WARNING: UnRef NF EndPoint(addr) [127.0.0.11:7777] (../src/amf/nausf-handler.c:130)
09/27 18:59:51.169: [amf] INFO: Setup NF EndPoint(addr) [127.0.0.11:7777] (../src/amf/nausf-handler.c:130)
09/27 18:59:51.199: [gmm] WARNING: [suci-0-999-70-0000-0-0-0000000001] Clear NG Context (../src/amf/gmm-sm.c:2597)
09/27 18:59:51.199: [gmm] WARNING: [suci-0-999-70-0000-0-0-0000000001]    RAN_UE_NGAP_ID[7] AMF_UE_NGAP_ID[7] (../src/amf/gmm-sm.c:2597)
09/27 18:59:51.202: [amf] INFO: UE Context Release [Action:1] (../src/amf/ngap-handler.c:1961)
09/27 18:59:51.202: [amf] INFO:     RAN_UE_NGAP_ID[7] AMF_UE_NGAP_ID[7] (../src/amf/ngap-handler.c:1962)
09/27 18:59:51.202: [amf] INFO: [Removed] Number of gNB-UEs is now 1 (../src/amf/context.c:2939)
09/27 18:59:51.240: [amf] WARNING: UnRef NF EndPoint(addr) [127.0.0.13:7777] (../src/amf/npcf-handler.c:143)
09/27 18:59:51.240: [amf] INFO: Setup NF EndPoint(addr) [127.0.0.13:7777] (../src/amf/npcf-handler.c:143)
09/27 18:59:51.447: [gmm] INFO: [imsi-999700000000001] Registration complete (../src/amf/gmm-sm.c:3165)
09/27 18:59:51.447: [amf] INFO: [imsi-999700000000001] Configuration update command (../src/amf/nas-path.c:609)
09/27 18:59:51.447: [gmm] INFO:     UTC [2026-09-27T13:29:51] Timezone[0]/DST[0] (../src/amf/gmm-build.c:551)
09/27 18:59:51.447: [gmm] INFO:     LOCAL [2026-09-27T18:59:51] Timezone[19800]/DST[0] (../src/amf/gmm-build.c:556)
09/27 18:59:51.448: [amf] INFO: [Added] Number of AMF-Sessions is now 1 (../src/amf/context.c:2953)
09/27 18:59:51.448: [gmm] INFO: UE SUPI[imsi-999700000000001] DNN[internet] LBO[0] S_NSSAI[SST:1 SD:0xffffff] smContextRef[NULL] smContextResourceURI[NULL] (../src/amf/gmm-handler.c:1430)
09/27 18:59:51.448: [gmm] INFO: V-SMF Instance [906c29ec-ba5d-41f1-be52-ad912ab46b09](LIST) (../src/amf/gmm-handler.c:1507)
09/27 18:59:51.448: [gmm] INFO: [906c29ec-ba5d-41f1-be52-ad912ab46b09] Setup NF Instance [type:SMF] (../src/amf/gmm-handler.c:1509)
09/27 18:59:51.448: [gmm] INFO: V-SMF Instance [906c29ec-ba5d-41f1-be52-ad912ab46b09] (../src/amf/gmm-handler.c:1519)
09/27 18:59:51.448: [gmm] INFO: V-SMF discovered in Non-Roaming or LBO-Roaming[0] (../src/amf/gmm-handler.c:1588)
09/27 18:59:51.448: [gmm] INFO: nsmf_pdusession [1:0x65506a9e8e70:(nil)] (../src/amf/gmm-handler.c:1628)
09/27 18:59:51.465: [amf] INFO: Setup NF EndPoint(addr) [127.0.0.4:7777] (../src/amf/nsmf-handler.c:140)
09/27 18:59:51.530: [amf] INFO: [imsi-999700000000001:1:11][0:0:NULL] /nsmf-pdusession/v1/sm-contexts/{smContextRef}/modify (../src/amf/nsmf-handler.c:983)
09/27 18:59:54.279: [amf] INFO: InitialUEMessage (../src/amf/ngap-handler.c:668)
09/27 18:59:54.279: [amf] INFO: [Added] Number of gNB-UEs is now 2 (../src/amf/context.c:2932)
09/27 18:59:54.279: [amf] INFO:     RAN_UE_NGAP_ID[9] AMF_UE_NGAP_ID[9] TAC[1] CellID[0x10] (../src/amf/ngap-handler.c:878)
09/27 18:59:54.279: [amf] INFO: [suci-0-999-70-0000-0-0-0000000001] known UE by SUCI (../src/amf/context.c:1932)
09/27 18:59:54.279: [amf] WARNING: [suci-0-999-70-0000-0-0-0000000001] Holding NG Context (../src/amf/amf-sm.c:1042)
09/27 18:59:54.279: [amf] WARNING: [suci-0-999-70-0000-0-0-0000000001]    RAN_UE_NGAP_ID[8] AMF_UE_NGAP_ID[8] (../src/amf/amf-sm.c:1042)
09/27 18:59:54.279: [gmm] INFO: Registration request (../src/amf/gmm-sm.c:1678)
09/27 18:59:54.279: [gmm] INFO: [suci-0-999-70-0000-0-0-0000000001]    SUCI (../src/amf/gmm-handler.c:186)
09/27 18:59:54.294: [amf] INFO: [imsi-999700000000001:1] Release SM context [204] (../src/amf/amf-sm.c:615)
09/27 18:59:54.294: [amf] INFO: [imsi-999700000000001:1] Release SM Context [state:31] (../src/amf/nsmf-handler.c:1200)
09/27 18:59:54.294: [amf] INFO: [Removed] Number of AMF-Sessions is now 0 (../src/amf/context.c:2960)
09/27 18:59:54.305: [amf] WARNING: UnRef NF EndPoint(addr) [127.0.0.11:7777] (../src/amf/nausf-handler.c:130)
09/27 18:59:54.305: [amf] INFO: Setup NF EndPoint(addr) [127.0.0.11:7777] (../src/amf/nausf-handler.c:130)
09/27 18:59:54.333: [gmm] WARNING: [suci-0-999-70-0000-0-0-0000000001] Clear NG Context (../src/amf/gmm-sm.c:2597)
09/27 18:59:54.333: [gmm] WARNING: [suci-0-999-70-0000-0-0-0000000001]    RAN_UE_NGAP_ID[8] AMF_UE_NGAP_ID[8] (../src/amf/gmm-sm.c:2597)
09/27 18:59:54.334: [amf] INFO: UE Context Release [Action:1] (../src/amf/ngap-handler.c:1961)
09/27 18:59:54.334: [amf] INFO:     RAN_UE_NGAP_ID[8] AMF_UE_NGAP_ID[8] (../src/amf/ngap-handler.c:1962)
09/27 18:59:54.334: [amf] INFO: [Removed] Number of gNB-UEs is now 1 (../src/amf/context.c:2939)
09/27 18:59:54.370: [amf] WARNING: UnRef NF EndPoint(addr) [127.0.0.13:7777] (../src/amf/npcf-handler.c:143)
09/27 18:59:54.370: [amf] INFO: Setup NF EndPoint(addr) [127.0.0.13:7777] (../src/amf/npcf-handler.c:143)
09/27 18:59:54.574: [gmm] INFO: [imsi-999700000000001] Registration complete (../src/amf/gmm-sm.c:3165)
09/27 18:59:54.574: [amf] INFO: [imsi-999700000000001] Configuration update command (../src/amf/nas-path.c:609)
09/27 18:59:54.574: [gmm] INFO:     UTC [2026-09-27T13:29:54] Timezone[0]/DST[0] (../src/amf/gmm-build.c:551)
09/27 18:59:54.574: [gmm] INFO:     LOCAL [2026-09-27T18:59:54] Timezone[19800]/DST[0] (../src/amf/gmm-build.c:556)
09/27 18:59:54.575: [amf] INFO: [Added] Number of AMF-Sessions is now 1 (../src/amf/context.c:2953)
09/27 18:59:54.575: [gmm] INFO: UE SUPI[imsi-999700000000001] DNN[internet] LBO[0] S_NSSAI[SST:1 SD:0xffffff] smContextRef[NULL] smContextResourceURI[NULL] (../src/amf/gmm-handler.c:1430)
09/27 18:59:54.575: [gmm] INFO: V-SMF Instance [906c29ec-ba5d-41f1-be52-ad912ab46b09](LIST) (../src/amf/gmm-handler.c:1507)
09/27 18:59:54.575: [gmm] INFO: [906c29ec-ba5d-41f1-be52-ad912ab46b09] Setup NF Instance [type:SMF] (../src/amf/gmm-handler.c:1509)
09/27 18:59:54.575: [gmm] INFO: V-SMF Instance [906c29ec-ba5d-41f1-be52-ad912ab46b09] (../src/amf/gmm-handler.c:1519)
09/27 18:59:54.575: [gmm] INFO: V-SMF discovered in Non-Roaming or LBO-Roaming[0] (../src/amf/gmm-handler.c:1588)
09/27 18:59:54.575: [gmm] INFO: nsmf_pdusession [1:0x65506a9e8e70:(nil)] (../src/amf/gmm-handler.c:1628)
09/27 18:59:54.601: [amf] INFO: Setup NF EndPoint(addr) [127.0.0.4:7777] (../src/amf/nsmf-handler.c:140)
09/27 18:59:54.649: [amf] INFO: [imsi-999700000000001:1:11][0:0:NULL] /nsmf-pdusession/v1/sm-contexts/{smContextRef}/modify (../src/amf/nsmf-handler.c:983)
09/27 18:59:57.453: [amf] INFO: InitialUEMessage (../src/amf/ngap-handler.c:668)
09/27 18:59:57.453: [amf] INFO: [Added] Number of gNB-UEs is now 2 (../src/amf/context.c:2932)
09/27 18:59:57.453: [amf] INFO:     RAN_UE_NGAP_ID[10] AMF_UE_NGAP_ID[10] TAC[1] CellID[0x10] (../src/amf/ngap-handler.c:878)
09/27 18:59:57.453: [amf] INFO: [suci-0-999-70-0000-0-0-0000000001] known UE by SUCI (../src/amf/context.c:1932)
09/27 18:59:57.453: [amf] WARNING: [suci-0-999-70-0000-0-0-0000000001] Holding NG Context (../src/amf/amf-sm.c:1042)
09/27 18:59:57.453: [amf] WARNING: [suci-0-999-70-0000-0-0-0000000001]    RAN_UE_NGAP_ID[9] AMF_UE_NGAP_ID[9] (../src/amf/amf-sm.c:1042)
09/27 18:59:57.454: [gmm] INFO: Registration request (../src/amf/gmm-sm.c:1678)
09/27 18:59:57.454: [gmm] INFO: [suci-0-999-70-0000-0-0-0000000001]    SUCI (../src/amf/gmm-handler.c:186)
09/27 18:59:57.471: [amf] INFO: [imsi-999700000000001:1] Release SM context [204] (../src/amf/amf-sm.c:615)
09/27 18:59:57.471: [amf] INFO: [imsi-999700000000001:1] Release SM Context [state:31] (../src/amf/nsmf-handler.c:1200)
09/27 18:59:57.471: [amf] INFO: [Removed] Number of AMF-Sessions is now 0 (../src/amf/context.c:2960)
09/27 18:59:57.481: [amf] WARNING: UnRef NF EndPoint(addr) [127.0.0.11:7777] (../src/amf/nausf-handler.c:130)
09/27 18:59:57.482: [amf] INFO: Setup NF EndPoint(addr) [127.0.0.11:7777] (../src/amf/nausf-handler.c:130)
09/27 18:59:57.511: [gmm] WARNING: [suci-0-999-70-0000-0-0-0000000001] Clear NG Context (../src/amf/gmm-sm.c:2597)
09/27 18:59:57.511: [gmm] WARNING: [suci-0-999-70-0000-0-0-0000000001]    RAN_UE_NGAP_ID[9] AMF_UE_NGAP_ID[9] (../src/amf/gmm-sm.c:2597)
09/27 18:59:57.513: [amf] INFO: UE Context Release [Action:1] (../src/amf/ngap-handler.c:1961)
09/27 18:59:57.513: [amf] INFO:     RAN_UE_NGAP_ID[9] AMF_UE_NGAP_ID[9] (../src/amf/ngap-handler.c:1962)
09/27 18:59:57.513: [amf] INFO: [Removed] Number of gNB-UEs is now 1 (../src/amf/context.c:2939)
09/27 18:59:57.540: [amf] WARNING: UnRef NF EndPoint(addr) [127.0.0.13:7777] (../src/amf/npcf-handler.c:143)
09/27 18:59:57.540: [amf] INFO: Setup NF EndPoint(addr) [127.0.0.13:7777] (../src/amf/npcf-handler.c:143)
09/27 18:59:57.750: [gmm] INFO: [imsi-999700000000001] Registration complete (../src/amf/gmm-sm.c:3165)
09/27 18:59:57.750: [amf] INFO: [imsi-999700000000001] Configuration update command (../src/amf/nas-path.c:609)
09/27 18:59:57.750: [gmm] INFO:     UTC [2026-09-27T13:29:57] Timezone[0]/DST[0] (../src/amf/gmm-build.c:551)
09/27 18:59:57.750: [gmm] INFO:     LOCAL [2026-09-27T18:59:57] Timezone[19800]/DST[0] (../src/amf/gmm-build.c:556)
09/27 18:59:57.751: [amf] INFO: [Added] Number of AMF-Sessions is now 1 (../src/amf/context.c:2953)
09/27 18:59:57.751: [gmm] INFO: UE SUPI[imsi-999700000000001] DNN[internet] LBO[0] S_NSSAI[SST:1 SD:0xffffff] smContextRef[NULL] smContextResourceURI[NULL] (../src/amf/gmm-handler.c:1430)
09/27 18:59:57.751: [gmm] INFO: V-SMF Instance [906c29ec-ba5d-41f1-be52-ad912ab46b09](LIST) (../src/amf/gmm-handler.c:1507)
09/27 18:59:57.751: [gmm] INFO: [906c29ec-ba5d-41f1-be52-ad912ab46b09] Setup NF Instance [type:SMF] (../src/amf/gmm-handler.c:1509)
09/27 18:59:57.751: [gmm] INFO: V-SMF Instance [906c29ec-ba5d-41f1-be52-ad912ab46b09] (../src/amf/gmm-handler.c:1519)
09/27 18:59:57.751: [gmm] INFO: V-SMF discovered in Non-Roaming or LBO-Roaming[0] (../src/amf/gmm-handler.c:1588)
09/27 18:59:57.751: [gmm] INFO: nsmf_pdusession [1:0x65506a9e8e70:(nil)] (../src/amf/gmm-handler.c:1628)
09/27 18:59:57.771: [amf] INFO: Setup NF EndPoint(addr) [127.0.0.4:7777] (../src/amf/nsmf-handler.c:140)
09/27 18:59:57.814: [amf] INFO: [imsi-999700000000001:1:11][0:0:NULL] /nsmf-pdusession/v1/sm-contexts/{smContextRef}/modify (../src/amf/nsmf-handler.c:983)
09/27 19:00:00.643: [amf] INFO: InitialUEMessage (../src/amf/ngap-handler.c:668)
09/27 19:00:00.643: [amf] INFO: [Added] Number of gNB-UEs is now 2 (../src/amf/context.c:2932)
09/27 19:00:00.643: [amf] INFO:     RAN_UE_NGAP_ID[11] AMF_UE_NGAP_ID[11] TAC[1] CellID[0x10] (../src/amf/ngap-handler.c:878)
09/27 19:00:00.643: [amf] INFO: [suci-0-999-70-0000-0-0-0000000001] known UE by SUCI (../src/amf/context.c:1932)
09/27 19:00:00.643: [amf] WARNING: [suci-0-999-70-0000-0-0-0000000001] Holding NG Context (../src/amf/amf-sm.c:1042)
09/27 19:00:00.643: [amf] WARNING: [suci-0-999-70-0000-0-0-0000000001]    RAN_UE_NGAP_ID[10] AMF_UE_NGAP_ID[10] (../src/amf/amf-sm.c:1042)
09/27 19:00:00.643: [gmm] INFO: Registration request (../src/amf/gmm-sm.c:1678)
09/27 19:00:00.643: [gmm] INFO: [suci-0-999-70-0000-0-0-0000000001]    SUCI (../src/amf/gmm-handler.c:186)
09/27 19:00:00.665: [amf] INFO: [imsi-999700000000001:1] Release SM context [204] (../src/amf/amf-sm.c:615)
09/27 19:00:00.665: [amf] INFO: [imsi-999700000000001:1] Release SM Context [state:31] (../src/amf/nsmf-handler.c:1200)
09/27 19:00:00.665: [amf] INFO: [Removed] Number of AMF-Sessions is now 0 (../src/amf/context.c:2960)
09/27 19:00:00.678: [amf] WARNING: UnRef NF EndPoint(addr) [127.0.0.11:7777] (../src/amf/nausf-handler.c:130)
09/27 19:00:00.678: [amf] INFO: Setup NF EndPoint(addr) [127.0.0.11:7777] (../src/amf/nausf-handler.c:130)
09/27 19:00:00.708: [gmm] WARNING: [suci-0-999-70-0000-0-0-0000000001] Clear NG Context (../src/amf/gmm-sm.c:2597)
09/27 19:00:00.708: [gmm] WARNING: [suci-0-999-70-0000-0-0-0000000001]    RAN_UE_NGAP_ID[10] AMF_UE_NGAP_ID[10] (../src/amf/gmm-sm.c:2597)
09/27 19:00:00.710: [amf] INFO: UE Context Release [Action:1] (../src/amf/ngap-handler.c:1961)
09/27 19:00:00.710: [amf] INFO:     RAN_UE_NGAP_ID[10] AMF_UE_NGAP_ID[10] (../src/amf/ngap-handler.c:1962)
09/27 19:00:00.710: [amf] INFO: [Removed] Number of gNB-UEs is now 1 (../src/amf/context.c:2939)
09/27 19:00:00.743: [amf] WARNING: UnRef NF EndPoint(addr) [127.0.0.13:7777] (../src/amf/npcf-handler.c:143)
09/27 19:00:00.743: [amf] INFO: Setup NF EndPoint(addr) [127.0.0.13:7777] (../src/amf/npcf-handler.c:143)
09/27 19:00:00.951: [gmm] INFO: [imsi-999700000000001] Registration complete (../src/amf/gmm-sm.c:3165)
09/27 19:00:00.951: [amf] INFO: [imsi-999700000000001] Configuration update command (../src/amf/nas-path.c:609)
09/27 19:00:00.951: [gmm] INFO:     UTC [2026-09-27T13:30:00] Timezone[0]/DST[0] (../src/amf/gmm-build.c:551)
09/27 19:00:00.951: [gmm] INFO:     LOCAL [2026-09-27T19:00:00] Timezone[19800]/DST[0] (../src/amf/gmm-build.c:556)
09/27 19:00:00.952: [amf] INFO: [Added] Number of AMF-Sessions is now 1 (../src/amf/context.c:2953)
09/27 19:00:00.952: [gmm] INFO: UE SUPI[imsi-999700000000001] DNN[internet] LBO[0] S_NSSAI[SST:1 SD:0xffffff] smContextRef[NULL] smContextResourceURI[NULL] (../src/amf/gmm-handler.c:1430)
09/27 19:00:00.952: [gmm] INFO: V-SMF Instance [906c29ec-ba5d-41f1-be52-ad912ab46b09](LIST) (../src/amf/gmm-handler.c:1507)
09/27 19:00:00.952: [gmm] INFO: [906c29ec-ba5d-41f1-be52-ad912ab46b09] Setup NF Instance [type:SMF] (../src/amf/gmm-handler.c:1509)
09/27 19:00:00.952: [gmm] INFO: V-SMF Instance [906c29ec-ba5d-41f1-be52-ad912ab46b09] (../src/amf/gmm-handler.c:1519)
09/27 19:00:00.952: [gmm] INFO: V-SMF discovered in Non-Roaming or LBO-Roaming[0] (../src/amf/gmm-handler.c:1588)
09/27 19:00:00.952: [gmm] INFO: nsmf_pdusession [1:0x65506a9e8e70:(nil)] (../src/amf/gmm-handler.c:1628)
09/27 19:00:00.973: [amf] INFO: Setup NF EndPoint(addr) [127.0.0.4:7777] (../src/amf/nsmf-handler.c:140)
09/27 19:00:01.060: [amf] INFO: [imsi-999700000000001:1:11][0:0:NULL] /nsmf-pdusession/v1/sm-contexts/{smContextRef}/modify (../src/amf/nsmf-handler.c:983)
09/27 19:00:03.812: [amf] INFO: InitialUEMessage (../src/amf/ngap-handler.c:668)
09/27 19:00:03.812: [amf] INFO: [Added] Number of gNB-UEs is now 2 (../src/amf/context.c:2932)
09/27 19:00:03.812: [amf] INFO:     RAN_UE_NGAP_ID[12] AMF_UE_NGAP_ID[12] TAC[1] CellID[0x10] (../src/amf/ngap-handler.c:878)
09/27 19:00:03.812: [amf] INFO: [suci-0-999-70-0000-0-0-0000000001] known UE by SUCI (../src/amf/context.c:1932)
09/27 19:00:03.812: [amf] WARNING: [suci-0-999-70-0000-0-0-0000000001] Holding NG Context (../src/amf/amf-sm.c:1042)
09/27 19:00:03.812: [amf] WARNING: [suci-0-999-70-0000-0-0-0000000001]    RAN_UE_NGAP_ID[11] AMF_UE_NGAP_ID[11] (../src/amf/amf-sm.c:1042)
09/27 19:00:03.812: [gmm] INFO: Registration request (../src/amf/gmm-sm.c:1678)
09/27 19:00:03.812: [gmm] INFO: [suci-0-999-70-0000-0-0-0000000001]    SUCI (../src/amf/gmm-handler.c:186)
09/27 19:00:03.828: [amf] INFO: [imsi-999700000000001:1] Release SM context [204] (../src/amf/amf-sm.c:615)
09/27 19:00:03.828: [amf] INFO: [imsi-999700000000001:1] Release SM Context [state:31] (../src/amf/nsmf-handler.c:1200)
09/27 19:00:03.828: [amf] INFO: [Removed] Number of AMF-Sessions is now 0 (../src/amf/context.c:2960)
09/27 19:00:03.841: [amf] WARNING: UnRef NF EndPoint(addr) [127.0.0.11:7777] (../src/amf/nausf-handler.c:130)
09/27 19:00:03.841: [amf] INFO: Setup NF EndPoint(addr) [127.0.0.11:7777] (../src/amf/nausf-handler.c:130)
09/27 19:00:03.871: [gmm] WARNING: [suci-0-999-70-0000-0-0-0000000001] Clear NG Context (../src/amf/gmm-sm.c:2597)
09/27 19:00:03.871: [gmm] WARNING: [suci-0-999-70-0000-0-0-0000000001]    RAN_UE_NGAP_ID[11] AMF_UE_NGAP_ID[11] (../src/amf/gmm-sm.c:2597)
09/27 19:00:03.874: [amf] INFO: UE Context Release [Action:1] (../src/amf/ngap-handler.c:1961)
09/27 19:00:03.874: [amf] INFO:     RAN_UE_NGAP_ID[11] AMF_UE_NGAP_ID[11] (../src/amf/ngap-handler.c:1962)
09/27 19:00:03.874: [amf] INFO: [Removed] Number of gNB-UEs is now 1 (../src/amf/context.c:2939)
09/27 19:00:03.916: [amf] WARNING: UnRef NF EndPoint(addr) [127.0.0.13:7777] (../src/amf/npcf-handler.c:143)
09/27 19:00:03.916: [amf] INFO: Setup NF EndPoint(addr) [127.0.0.13:7777] (../src/amf/npcf-handler.c:143)
09/27 19:00:04.126: [gmm] INFO: [imsi-999700000000001] Registration complete (../src/amf/gmm-sm.c:3165)
09/27 19:00:04.126: [amf] INFO: [imsi-999700000000001] Configuration update command (../src/amf/nas-path.c:609)
09/27 19:00:04.126: [gmm] INFO:     UTC [2026-09-27T13:30:04] Timezone[0]/DST[0] (../src/amf/gmm-build.c:551)
09/27 19:00:04.126: [gmm] INFO:     LOCAL [2026-09-27T19:00:04] Timezone[19800]/DST[0] (../src/amf/gmm-build.c:556)
09/27 19:00:04.127: [amf] INFO: [Added] Number of AMF-Sessions is now 1 (../src/amf/context.c:2953)
09/27 19:00:04.127: [gmm] INFO: UE SUPI[imsi-999700000000001] DNN[internet] LBO[0] S_NSSAI[SST:1 SD:0xffffff] smContextRef[NULL] smContextResourceURI[NULL] (../src/amf/gmm-handler.c:1430)
09/27 19:00:04.127: [gmm] INFO: V-SMF Instance [906c29ec-ba5d-41f1-be52-ad912ab46b09](LIST) (../src/amf/gmm-handler.c:1507)
09/27 19:00:04.127: [gmm] INFO: [906c29ec-ba5d-41f1-be52-ad912ab46b09] Setup NF Instance [type:SMF] (../src/amf/gmm-handler.c:1509)
09/27 19:00:04.127: [gmm] INFO: V-SMF Instance [906c29ec-ba5d-41f1-be52-ad912ab46b09] (../src/amf/gmm-handler.c:1519)
09/27 19:00:04.127: [gmm] INFO: V-SMF discovered in Non-Roaming or LBO-Roaming[0] (../src/amf/gmm-handler.c:1588)
09/27 19:00:04.127: [gmm] INFO: nsmf_pdusession [1:0x65506a9e8e70:(nil)] (../src/amf/gmm-handler.c:1628)
09/27 19:00:04.149: [amf] INFO: Setup NF EndPoint(addr) [127.0.0.4:7777] (../src/amf/nsmf-handler.c:140)
09/27 19:00:04.189: [amf] INFO: [imsi-999700000000001:1:11][0:0:NULL] /nsmf-pdusession/v1/sm-contexts/{smContextRef}/modify (../src/amf/nsmf-handler.c:983)
09/27 19:00:07.019: [amf] INFO: InitialUEMessage (../src/amf/ngap-handler.c:668)
09/27 19:00:07.019: [amf] INFO: [Added] Number of gNB-UEs is now 2 (../src/amf/context.c:2932)
09/27 19:00:07.019: [amf] INFO:     RAN_UE_NGAP_ID[13] AMF_UE_NGAP_ID[13] TAC[1] CellID[0x10] (../src/amf/ngap-handler.c:878)
09/27 19:00:07.019: [amf] INFO: [suci-0-999-70-0000-0-0-0000000001] known UE by SUCI (../src/amf/context.c:1932)
09/27 19:00:07.019: [amf] WARNING: [suci-0-999-70-0000-0-0-0000000001] Holding NG Context (../src/amf/amf-sm.c:1042)
09/27 19:00:07.019: [amf] WARNING: [suci-0-999-70-0000-0-0-0000000001]    RAN_UE_NGAP_ID[12] AMF_UE_NGAP_ID[12] (../src/amf/amf-sm.c:1042)
09/27 19:00:07.019: [gmm] INFO: Registration request (../src/amf/gmm-sm.c:1678)
09/27 19:00:07.019: [gmm] INFO: [suci-0-999-70-0000-0-0-0000000001]    SUCI (../src/amf/gmm-handler.c:186)
09/27 19:00:07.062: [amf] INFO: [imsi-999700000000001:1] Release SM context [204] (../src/amf/amf-sm.c:615)
09/27 19:00:07.062: [amf] INFO: [imsi-999700000000001:1] Release SM Context [state:31] (../src/amf/nsmf-handler.c:1200)
09/27 19:00:07.062: [amf] INFO: [Removed] Number of AMF-Sessions is now 0 (../src/amf/context.c:2960)
09/27 19:00:07.085: [amf] WARNING: UnRef NF EndPoint(addr) [127.0.0.11:7777] (../src/amf/nausf-handler.c:130)
09/27 19:00:07.086: [amf] INFO: Setup NF EndPoint(addr) [127.0.0.11:7777] (../src/amf/nausf-handler.c:130)
09/27 19:00:07.121: [gmm] WARNING: [suci-0-999-70-0000-0-0-0000000001] Clear NG Context (../src/amf/gmm-sm.c:2597)
09/27 19:00:07.121: [gmm] WARNING: [suci-0-999-70-0000-0-0-0000000001]    RAN_UE_NGAP_ID[12] AMF_UE_NGAP_ID[12] (../src/amf/gmm-sm.c:2597)
09/27 19:00:07.124: [amf] INFO: UE Context Release [Action:1] (../src/amf/ngap-handler.c:1961)
09/27 19:00:07.124: [amf] INFO:     RAN_UE_NGAP_ID[12] AMF_UE_NGAP_ID[12] (../src/amf/ngap-handler.c:1962)
09/27 19:00:07.124: [amf] INFO: [Removed] Number of gNB-UEs is now 1 (../src/amf/context.c:2939)
09/27 19:00:07.171: [amf] WARNING: UnRef NF EndPoint(addr) [127.0.0.13:7777] (../src/amf/npcf-handler.c:143)
09/27 19:00:07.171: [amf] INFO: Setup NF EndPoint(addr) [127.0.0.13:7777] (../src/amf/npcf-handler.c:143)
09/27 19:00:07.375: [gmm] INFO: [imsi-999700000000001] Registration complete (../src/amf/gmm-sm.c:3165)
09/27 19:00:07.375: [amf] INFO: [imsi-999700000000001] Configuration update command (../src/amf/nas-path.c:609)
09/27 19:00:07.375: [gmm] INFO:     UTC [2026-09-27T13:30:07] Timezone[0]/DST[0] (../src/amf/gmm-build.c:551)
09/27 19:00:07.375: [gmm] INFO:     LOCAL [2026-09-27T19:00:07] Timezone[19800]/DST[0] (../src/amf/gmm-build.c:556)
09/27 19:00:07.376: [amf] INFO: [Added] Number of AMF-Sessions is now 1 (../src/amf/context.c:2953)
09/27 19:00:07.376: [gmm] INFO: UE SUPI[imsi-999700000000001] DNN[internet] LBO[0] S_NSSAI[SST:1 SD:0xffffff] smContextRef[NULL] smContextResourceURI[NULL] (../src/amf/gmm-handler.c:1430)
09/27 19:00:07.376: [gmm] INFO: V-SMF Instance [906c29ec-ba5d-41f1-be52-ad912ab46b09](LIST) (../src/amf/gmm-handler.c:1507)
09/27 19:00:07.376: [gmm] INFO: [906c29ec-ba5d-41f1-be52-ad912ab46b09] Setup NF Instance [type:SMF] (../src/amf/gmm-handler.c:1509)
09/27 19:00:07.376: [gmm] INFO: V-SMF Instance [906c29ec-ba5d-41f1-be52-ad912ab46b09] (../src/amf/gmm-handler.c:1519)
09/27 19:00:07.376: [gmm] INFO: V-SMF discovered in Non-Roaming or LBO-Roaming[0] (../src/amf/gmm-handler.c:1588)
09/27 19:00:07.376: [gmm] INFO: nsmf_pdusession [1:0x65506a9e8e70:(nil)] (../src/amf/gmm-handler.c:1628)
09/27 19:00:07.404: [amf] INFO: Setup NF EndPoint(addr) [127.0.0.4:7777] (../src/amf/nsmf-handler.c:140)
09/27 19:00:07.497: [amf] INFO: [imsi-999700000000001:1:11][0:0:NULL] /nsmf-pdusession/v1/sm-contexts/{smContextRef}/modify (../src/amf/nsmf-handler.c:983)
09/27 19:00:10.182: [amf] INFO: InitialUEMessage (../src/amf/ngap-handler.c:668)
09/27 19:00:10.182: [amf] INFO: [Added] Number of gNB-UEs is now 2 (../src/amf/context.c:2932)
09/27 19:00:10.182: [amf] INFO:     RAN_UE_NGAP_ID[14] AMF_UE_NGAP_ID[14] TAC[1] CellID[0x10] (../src/amf/ngap-handler.c:878)
09/27 19:00:10.182: [amf] INFO: [suci-0-999-70-0000-0-0-0000000001] known UE by SUCI (../src/amf/context.c:1932)
09/27 19:00:10.182: [amf] WARNING: [suci-0-999-70-0000-0-0-0000000001] Holding NG Context (../src/amf/amf-sm.c:1042)
09/27 19:00:10.183: [amf] WARNING: [suci-0-999-70-0000-0-0-0000000001]    RAN_UE_NGAP_ID[13] AMF_UE_NGAP_ID[13] (../src/amf/amf-sm.c:1042)
09/27 19:00:10.183: [gmm] INFO: Registration request (../src/amf/gmm-sm.c:1678)
09/27 19:00:10.183: [gmm] INFO: [suci-0-999-70-0000-0-0-0000000001]    SUCI (../src/amf/gmm-handler.c:186)
09/27 19:00:10.202: [amf] INFO: [imsi-999700000000001:1] Release SM context [204] (../src/amf/amf-sm.c:615)
09/27 19:00:10.202: [amf] INFO: [imsi-999700000000001:1] Release SM Context [state:31] (../src/amf/nsmf-handler.c:1200)
09/27 19:00:10.203: [amf] INFO: [Removed] Number of AMF-Sessions is now 0 (../src/amf/context.c:2960)
09/27 19:00:10.213: [amf] WARNING: UnRef NF EndPoint(addr) [127.0.0.11:7777] (../src/amf/nausf-handler.c:130)
09/27 19:00:10.213: [amf] INFO: Setup NF EndPoint(addr) [127.0.0.11:7777] (../src/amf/nausf-handler.c:130)
09/27 19:00:10.241: [gmm] WARNING: [suci-0-999-70-0000-0-0-0000000001] Clear NG Context (../src/amf/gmm-sm.c:2597)
09/27 19:00:10.241: [gmm] WARNING: [suci-0-999-70-0000-0-0-0000000001]    RAN_UE_NGAP_ID[13] AMF_UE_NGAP_ID[13] (../src/amf/gmm-sm.c:2597)
09/27 19:00:10.244: [amf] INFO: UE Context Release [Action:1] (../src/amf/ngap-handler.c:1961)
09/27 19:00:10.244: [amf] INFO:     RAN_UE_NGAP_ID[13] AMF_UE_NGAP_ID[13] (../src/amf/ngap-handler.c:1962)
09/27 19:00:10.244: [amf] INFO: [Removed] Number of gNB-UEs is now 1 (../src/amf/context.c:2939)
09/27 19:00:10.279: [amf] WARNING: UnRef NF EndPoint(addr) [127.0.0.13:7777] (../src/amf/npcf-handler.c:143)
09/27 19:00:10.279: [amf] INFO: Setup NF EndPoint(addr) [127.0.0.13:7777] (../src/amf/npcf-handler.c:143)
09/27 19:00:10.487: [gmm] INFO: [imsi-999700000000001] Registration complete (../src/amf/gmm-sm.c:3165)
09/27 19:00:10.487: [amf] INFO: [imsi-999700000000001] Configuration update command (../src/amf/nas-path.c:609)
09/27 19:00:10.487: [gmm] INFO:     UTC [2026-09-27T13:30:10] Timezone[0]/DST[0] (../src/amf/gmm-build.c:551)
09/27 19:00:10.487: [gmm] INFO:     LOCAL [2026-09-27T19:00:10] Timezone[19800]/DST[0] (../src/amf/gmm-build.c:556)
09/27 19:00:10.488: [amf] INFO: [Added] Number of AMF-Sessions is now 1 (../src/amf/context.c:2953)
09/27 19:00:10.488: [gmm] INFO: UE SUPI[imsi-999700000000001] DNN[internet] LBO[0] S_NSSAI[SST:1 SD:0xffffff] smContextRef[NULL] smContextResourceURI[NULL] (../src/amf/gmm-handler.c:1430)
09/27 19:00:10.488: [gmm] INFO: V-SMF Instance [906c29ec-ba5d-41f1-be52-ad912ab46b09](LIST) (../src/amf/gmm-handler.c:1507)
09/27 19:00:10.488: [gmm] INFO: [906c29ec-ba5d-41f1-be52-ad912ab46b09] Setup NF Instance [type:SMF] (../src/amf/gmm-handler.c:1509)
09/27 19:00:10.488: [gmm] INFO: V-SMF Instance [906c29ec-ba5d-41f1-be52-ad912ab46b09] (../src/amf/gmm-handler.c:1519)
09/27 19:00:10.488: [gmm] INFO: V-SMF discovered in Non-Roaming or LBO-Roaming[0] (../src/amf/gmm-handler.c:1588)
09/27 19:00:10.488: [gmm] INFO: nsmf_pdusession [1:0x65506a9e8e70:(nil)] (../src/amf/gmm-handler.c:1628)
09/27 19:00:10.505: [amf] INFO: Setup NF EndPoint(addr) [127.0.0.4:7777] (../src/amf/nsmf-handler.c:140)
09/27 19:00:10.542: [amf] INFO: [imsi-999700000000001:1:11][0:0:NULL] /nsmf-pdusession/v1/sm-contexts/{smContextRef}/modify (../src/amf/nsmf-handler.c:983)
09/27 20:27:55.848: [amf] INFO: [imsi-999700000000001:1:13][0:0:NULL] /nsmf-pdusession/v1/sm-contexts/{smContextRef}/modify (../src/amf/nsmf-handler.c:983)
09/27 20:27:55.850: [amf] INFO: UE Context Release [Action:2] (../src/amf/ngap-handler.c:1961)
09/27 20:27:55.850: [amf] INFO:     RAN_UE_NGAP_ID[14] AMF_UE_NGAP_ID[14] (../src/amf/ngap-handler.c:1962)
09/27 20:27:55.850: [amf] INFO:     SUCI[suci-0-999-70-0000-0-0-0000000001] (../src/amf/ngap-handler.c:1966)
09/27 20:27:55.850: [amf] INFO: [Removed] Number of gNB-UEs is now 0 (../src/amf/context.c:2939)
09/27 20:33:38.117: [amf] INFO: InitialUEMessage (../src/amf/ngap-handler.c:668)
09/27 20:33:38.117: [amf] INFO: [Added] Number of gNB-UEs is now 1 (../src/amf/context.c:2932)
09/27 20:33:38.117: [amf] INFO:     RAN_UE_NGAP_ID[15] AMF_UE_NGAP_ID[15] TAC[1] CellID[0x10] (../src/amf/ngap-handler.c:878)
09/27 20:33:38.117: [amf] INFO: [suci-0-999-70-0000-0-0-0000000001] known UE by SUCI (../src/amf/context.c:1932)
09/27 20:33:38.117: [gmm] INFO: Registration request (../src/amf/gmm-sm.c:1678)
09/27 20:33:38.117: [gmm] INFO: [suci-0-999-70-0000-0-0-0000000001]    SUCI (../src/amf/gmm-handler.c:186)
09/27 20:33:38.160: [amf] INFO: [imsi-999700000000001:1] Release SM context [204] (../src/amf/amf-sm.c:615)
09/27 20:33:38.160: [amf] INFO: [imsi-999700000000001:1] Release SM Context [state:31] (../src/amf/nsmf-handler.c:1200)
09/27 20:33:38.160: [amf] INFO: [Removed] Number of AMF-Sessions is now 0 (../src/amf/context.c:2960)
09/27 20:33:38.186: [amf] WARNING: UnRef NF EndPoint(addr) [127.0.0.11:7777] (../src/amf/nausf-handler.c:130)
09/27 20:33:38.186: [amf] INFO: Setup NF EndPoint(addr) [127.0.0.11:7777] (../src/amf/nausf-handler.c:130)
09/27 20:33:38.268: [amf] WARNING: UnRef NF EndPoint(addr) [127.0.0.13:7777] (../src/amf/npcf-handler.c:143)
09/27 20:33:38.268: [amf] INFO: Setup NF EndPoint(addr) [127.0.0.13:7777] (../src/amf/npcf-handler.c:143)
09/27 20:33:38.473: [gmm] INFO: [imsi-999700000000001] Registration complete (../src/amf/gmm-sm.c:3165)
09/27 20:33:38.475: [amf] INFO: [imsi-999700000000001] Configuration update command (../src/amf/nas-path.c:609)
09/27 20:33:38.475: [gmm] INFO:     UTC [2026-09-27T15:03:38] Timezone[0]/DST[0] (../src/amf/gmm-build.c:551)
09/27 20:33:38.475: [gmm] INFO:     LOCAL [2026-09-27T20:33:38] Timezone[19800]/DST[0] (../src/amf/gmm-build.c:556)
09/27 20:33:38.476: [amf] INFO: [Added] Number of AMF-Sessions is now 1 (../src/amf/context.c:2953)
09/27 20:33:38.476: [gmm] INFO: UE SUPI[imsi-999700000000001] DNN[internet] LBO[0] S_NSSAI[SST:1 SD:0xffffff] smContextRef[NULL] smContextResourceURI[NULL] (../src/amf/gmm-handler.c:1430)
09/27 20:33:38.476: [gmm] INFO: V-SMF Instance [906c29ec-ba5d-41f1-be52-ad912ab46b09](LIST) (../src/amf/gmm-handler.c:1507)
09/27 20:33:38.476: [gmm] INFO: [906c29ec-ba5d-41f1-be52-ad912ab46b09] Setup NF Instance [type:SMF] (../src/amf/gmm-handler.c:1509)
09/27 20:33:38.476: [gmm] INFO: V-SMF Instance [906c29ec-ba5d-41f1-be52-ad912ab46b09] (../src/amf/gmm-handler.c:1519)
09/27 20:33:38.476: [gmm] INFO: V-SMF discovered in Non-Roaming or LBO-Roaming[0] (../src/amf/gmm-handler.c:1588)
09/27 20:33:38.476: [gmm] INFO: nsmf_pdusession [1:0x65506a9e8e70:(nil)] (../src/amf/gmm-handler.c:1628)
09/27 20:33:38.495: [amf] INFO: Setup NF EndPoint(addr) [127.0.0.4:7777] (../src/amf/nsmf-handler.c:140)
09/27 20:33:38.526: [sbi] INFO: GOAWAY received: last-stream-id=0 (../lib/sbi/nghttp2-server.c:1376)
09/27 20:33:38.526: [sbi] INFO: error_code=0 (../lib/sbi/nghttp2-server.c:1378)
09/27 20:33:38.565: [amf] INFO: [imsi-999700000000001:1:11][0:0:NULL] /nsmf-pdusession/v1/sm-contexts/{smContextRef}/modify (../src/amf/nsmf-handler.c:983)
09/27 20:33:43.333: [amf] INFO: InitialUEMessage (../src/amf/ngap-handler.c:668)
09/27 20:33:43.333: [amf] INFO: [Added] Number of gNB-UEs is now 2 (../src/amf/context.c:2932)
09/27 20:33:43.333: [amf] INFO:     RAN_UE_NGAP_ID[16] AMF_UE_NGAP_ID[16] TAC[1] CellID[0x10] (../src/amf/ngap-handler.c:878)
09/27 20:33:43.333: [amf] INFO: [suci-0-999-70-0000-0-0-0000000001] known UE by SUCI (../src/amf/context.c:1932)
09/27 20:33:43.333: [amf] WARNING: [suci-0-999-70-0000-0-0-0000000001] Holding NG Context (../src/amf/amf-sm.c:1042)
09/27 20:33:43.333: [amf] WARNING: [suci-0-999-70-0000-0-0-0000000001]    RAN_UE_NGAP_ID[15] AMF_UE_NGAP_ID[15] (../src/amf/amf-sm.c:1042)
09/27 20:33:43.333: [gmm] INFO: Registration request (../src/amf/gmm-sm.c:1678)
09/27 20:33:43.333: [gmm] INFO: [suci-0-999-70-0000-0-0-0000000001]    SUCI (../src/amf/gmm-handler.c:186)
09/27 20:33:43.360: [amf] INFO: [imsi-999700000000001:1] Release SM context [204] (../src/amf/amf-sm.c:615)
09/27 20:33:43.360: [amf] INFO: [imsi-999700000000001:1] Release SM Context [state:31] (../src/amf/nsmf-handler.c:1200)
09/27 20:33:43.361: [amf] INFO: [Removed] Number of AMF-Sessions is now 0 (../src/amf/context.c:2960)
09/27 20:33:43.373: [amf] WARNING: UnRef NF EndPoint(addr) [127.0.0.11:7777] (../src/amf/nausf-handler.c:130)
09/27 20:33:43.373: [amf] INFO: Setup NF EndPoint(addr) [127.0.0.11:7777] (../src/amf/nausf-handler.c:130)
09/27 20:33:43.394: [gmm] WARNING: [suci-0-999-70-0000-0-0-0000000001] Clear NG Context (../src/amf/gmm-sm.c:2597)
09/27 20:33:43.394: [gmm] WARNING: [suci-0-999-70-0000-0-0-0000000001]    RAN_UE_NGAP_ID[15] AMF_UE_NGAP_ID[15] (../src/amf/gmm-sm.c:2597)
09/27 20:33:43.397: [amf] INFO: UE Context Release [Action:1] (../src/amf/ngap-handler.c:1961)
09/27 20:33:43.397: [amf] INFO:     RAN_UE_NGAP_ID[15] AMF_UE_NGAP_ID[15] (../src/amf/ngap-handler.c:1962)
09/27 20:33:43.397: [amf] INFO: [Removed] Number of gNB-UEs is now 1 (../src/amf/context.c:2939)
09/27 20:33:43.432: [amf] WARNING: UnRef NF EndPoint(addr) [127.0.0.13:7777] (../src/amf/npcf-handler.c:143)
09/27 20:33:43.432: [amf] INFO: Setup NF EndPoint(addr) [127.0.0.13:7777] (../src/amf/npcf-handler.c:143)
09/27 20:33:43.641: [gmm] INFO: [imsi-999700000000001] Registration complete (../src/amf/gmm-sm.c:3165)
09/27 20:33:43.641: [amf] INFO: [imsi-999700000000001] Configuration update command (../src/amf/nas-path.c:609)
09/27 20:33:43.641: [gmm] INFO:     UTC [2026-09-27T15:03:43] Timezone[0]/DST[0] (../src/amf/gmm-build.c:551)
09/27 20:33:43.641: [gmm] INFO:     LOCAL [2026-09-27T20:33:43] Timezone[19800]/DST[0] (../src/amf/gmm-build.c:556)
09/27 20:33:43.642: [amf] INFO: [Added] Number of AMF-Sessions is now 1 (../src/amf/context.c:2953)
09/27 20:33:43.642: [gmm] INFO: UE SUPI[imsi-999700000000001] DNN[internet] LBO[0] S_NSSAI[SST:1 SD:0xffffff] smContextRef[NULL] smContextResourceURI[NULL] (../src/amf/gmm-handler.c:1430)
09/27 20:33:43.642: [gmm] INFO: V-SMF Instance [906c29ec-ba5d-41f1-be52-ad912ab46b09](LIST) (../src/amf/gmm-handler.c:1507)
09/27 20:33:43.642: [gmm] INFO: [906c29ec-ba5d-41f1-be52-ad912ab46b09] Setup NF Instance [type:SMF] (../src/amf/gmm-handler.c:1509)
09/27 20:33:43.642: [gmm] INFO: V-SMF Instance [906c29ec-ba5d-41f1-be52-ad912ab46b09] (../src/amf/gmm-handler.c:1519)
09/27 20:33:43.642: [gmm] INFO: V-SMF discovered in Non-Roaming or LBO-Roaming[0] (../src/amf/gmm-handler.c:1588)
09/27 20:33:43.642: [gmm] INFO: nsmf_pdusession [1:0x65506a9e8e70:(nil)] (../src/amf/gmm-handler.c:1628)
09/27 20:33:43.666: [amf] INFO: Setup NF EndPoint(addr) [127.0.0.4:7777] (../src/amf/nsmf-handler.c:140)
09/27 20:33:43.711: [amf] INFO: [imsi-999700000000001:1:11][0:0:NULL] /nsmf-pdusession/v1/sm-contexts/{smContextRef}/modify (../src/amf/nsmf-handler.c:983)
09/27 20:33:48.591: [amf] INFO: InitialUEMessage (../src/amf/ngap-handler.c:668)
09/27 20:33:48.591: [amf] INFO: [Added] Number of gNB-UEs is now 2 (../src/amf/context.c:2932)
09/27 20:33:48.591: [amf] INFO:     RAN_UE_NGAP_ID[17] AMF_UE_NGAP_ID[17] TAC[1] CellID[0x10] (../src/amf/ngap-handler.c:878)
09/27 20:33:48.591: [amf] INFO: [suci-0-999-70-0000-0-0-0000000001] known UE by SUCI (../src/amf/context.c:1932)
09/27 20:33:48.591: [amf] WARNING: [suci-0-999-70-0000-0-0-0000000001] Holding NG Context (../src/amf/amf-sm.c:1042)
09/27 20:33:48.591: [amf] WARNING: [suci-0-999-70-0000-0-0-0000000001]    RAN_UE_NGAP_ID[16] AMF_UE_NGAP_ID[16] (../src/amf/amf-sm.c:1042)
09/27 20:33:48.591: [gmm] INFO: Registration request (../src/amf/gmm-sm.c:1678)
09/27 20:33:48.591: [gmm] INFO: [suci-0-999-70-0000-0-0-0000000001]    SUCI (../src/amf/gmm-handler.c:186)
09/27 20:33:48.609: [amf] INFO: [imsi-999700000000001:1] Release SM context [204] (../src/amf/amf-sm.c:615)
09/27 20:33:48.609: [amf] INFO: [imsi-999700000000001:1] Release SM Context [state:31] (../src/amf/nsmf-handler.c:1200)
09/27 20:33:48.609: [amf] INFO: [Removed] Number of AMF-Sessions is now 0 (../src/amf/context.c:2960)
09/27 20:33:48.621: [amf] WARNING: UnRef NF EndPoint(addr) [127.0.0.11:7777] (../src/amf/nausf-handler.c:130)
09/27 20:33:48.622: [amf] INFO: Setup NF EndPoint(addr) [127.0.0.11:7777] (../src/amf/nausf-handler.c:130)
09/27 20:33:48.648: [gmm] WARNING: [suci-0-999-70-0000-0-0-0000000001] Clear NG Context (../src/amf/gmm-sm.c:2597)
09/27 20:33:48.648: [gmm] WARNING: [suci-0-999-70-0000-0-0-0000000001]    RAN_UE_NGAP_ID[16] AMF_UE_NGAP_ID[16] (../src/amf/gmm-sm.c:2597)
09/27 20:33:48.650: [amf] INFO: UE Context Release [Action:1] (../src/amf/ngap-handler.c:1961)
09/27 20:33:48.650: [amf] INFO:     RAN_UE_NGAP_ID[16] AMF_UE_NGAP_ID[16] (../src/amf/ngap-handler.c:1962)
09/27 20:33:48.650: [amf] INFO: [Removed] Number of gNB-UEs is now 1 (../src/amf/context.c:2939)
09/27 20:33:48.678: [amf] WARNING: UnRef NF EndPoint(addr) [127.0.0.13:7777] (../src/amf/npcf-handler.c:143)
09/27 20:33:48.679: [amf] INFO: Setup NF EndPoint(addr) [127.0.0.13:7777] (../src/amf/npcf-handler.c:143)
09/27 20:33:48.882: [gmm] INFO: [imsi-999700000000001] Registration complete (../src/amf/gmm-sm.c:3165)
09/27 20:33:48.882: [amf] INFO: [imsi-999700000000001] Configuration update command (../src/amf/nas-path.c:609)
09/27 20:33:48.882: [gmm] INFO:     UTC [2026-09-27T15:03:48] Timezone[0]/DST[0] (../src/amf/gmm-build.c:551)
09/27 20:33:48.883: [gmm] INFO:     LOCAL [2026-09-27T20:33:48] Timezone[19800]/DST[0] (../src/amf/gmm-build.c:556)
09/27 20:33:48.886: [amf] INFO: [Added] Number of AMF-Sessions is now 1 (../src/amf/context.c:2953)
09/27 20:33:48.886: [gmm] INFO: UE SUPI[imsi-999700000000001] DNN[internet] LBO[0] S_NSSAI[SST:1 SD:0xffffff] smContextRef[NULL] smContextResourceURI[NULL] (../src/amf/gmm-handler.c:1430)
09/27 20:33:48.886: [gmm] INFO: V-SMF Instance [906c29ec-ba5d-41f1-be52-ad912ab46b09](LIST) (../src/amf/gmm-handler.c:1507)
09/27 20:33:48.886: [gmm] INFO: [906c29ec-ba5d-41f1-be52-ad912ab46b09] Setup NF Instance [type:SMF] (../src/amf/gmm-handler.c:1509)
09/27 20:33:48.886: [gmm] INFO: V-SMF Instance [906c29ec-ba5d-41f1-be52-ad912ab46b09] (../src/amf/gmm-handler.c:1519)
09/27 20:33:48.886: [gmm] INFO: V-SMF discovered in Non-Roaming or LBO-Roaming[0] (../src/amf/gmm-handler.c:1588)
09/27 20:33:48.886: [gmm] INFO: nsmf_pdusession [1:0x65506a9e8e70:(nil)] (../src/amf/gmm-handler.c:1628)
09/27 20:33:48.917: [amf] INFO: Setup NF EndPoint(addr) [127.0.0.4:7777] (../src/amf/nsmf-handler.c:140)
09/27 20:33:48.951: [amf] INFO: [imsi-999700000000001:1:11][0:0:NULL] /nsmf-pdusession/v1/sm-contexts/{smContextRef}/modify (../src/amf/nsmf-handler.c:983)
09/27 20:33:53.761: [amf] INFO: InitialUEMessage (../src/amf/ngap-handler.c:668)
09/27 20:33:53.761: [amf] INFO: [Added] Number of gNB-UEs is now 2 (../src/amf/context.c:2932)
09/27 20:33:53.761: [amf] INFO:     RAN_UE_NGAP_ID[18] AMF_UE_NGAP_ID[18] TAC[1] CellID[0x10] (../src/amf/ngap-handler.c:878)
09/27 20:33:53.761: [amf] INFO: [suci-0-999-70-0000-0-0-0000000001] known UE by SUCI (../src/amf/context.c:1932)
09/27 20:33:53.761: [amf] WARNING: [suci-0-999-70-0000-0-0-0000000001] Holding NG Context (../src/amf/amf-sm.c:1042)
09/27 20:33:53.761: [amf] WARNING: [suci-0-999-70-0000-0-0-0000000001]    RAN_UE_NGAP_ID[17] AMF_UE_NGAP_ID[17] (../src/amf/amf-sm.c:1042)
09/27 20:33:53.761: [gmm] INFO: Registration request (../src/amf/gmm-sm.c:1678)
09/27 20:33:53.761: [gmm] INFO: [suci-0-999-70-0000-0-0-0000000001]    SUCI (../src/amf/gmm-handler.c:186)
09/27 20:33:53.778: [amf] INFO: [imsi-999700000000001:1] Release SM context [204] (../src/amf/amf-sm.c:615)
09/27 20:33:53.778: [amf] INFO: [imsi-999700000000001:1] Release SM Context [state:31] (../src/amf/nsmf-handler.c:1200)
09/27 20:33:53.778: [amf] INFO: [Removed] Number of AMF-Sessions is now 0 (../src/amf/context.c:2960)
09/27 20:33:53.788: [amf] WARNING: UnRef NF EndPoint(addr) [127.0.0.11:7777] (../src/amf/nausf-handler.c:130)
09/27 20:33:53.788: [amf] INFO: Setup NF EndPoint(addr) [127.0.0.11:7777] (../src/amf/nausf-handler.c:130)
09/27 20:33:53.807: [gmm] WARNING: [suci-0-999-70-0000-0-0-0000000001] Clear NG Context (../src/amf/gmm-sm.c:2597)
09/27 20:33:53.807: [gmm] WARNING: [suci-0-999-70-0000-0-0-0000000001]    RAN_UE_NGAP_ID[17] AMF_UE_NGAP_ID[17] (../src/amf/gmm-sm.c:2597)
09/27 20:33:53.809: [amf] INFO: UE Context Release [Action:1] (../src/amf/ngap-handler.c:1961)
09/27 20:33:53.809: [amf] INFO:     RAN_UE_NGAP_ID[17] AMF_UE_NGAP_ID[17] (../src/amf/ngap-handler.c:1962)
09/27 20:33:53.809: [amf] INFO: [Removed] Number of gNB-UEs is now 1 (../src/amf/context.c:2939)
09/27 20:33:53.839: [amf] WARNING: UnRef NF EndPoint(addr) [127.0.0.13:7777] (../src/amf/npcf-handler.c:143)
09/27 20:33:53.839: [amf] INFO: Setup NF EndPoint(addr) [127.0.0.13:7777] (../src/amf/npcf-handler.c:143)
09/27 20:33:54.050: [gmm] INFO: [imsi-999700000000001] Registration complete (../src/amf/gmm-sm.c:3165)
09/27 20:33:54.050: [amf] INFO: [imsi-999700000000001] Configuration update command (../src/amf/nas-path.c:609)
09/27 20:33:54.050: [gmm] INFO:     UTC [2026-09-27T15:03:54] Timezone[0]/DST[0] (../src/amf/gmm-build.c:551)
09/27 20:33:54.050: [gmm] INFO:     LOCAL [2026-09-27T20:33:54] Timezone[19800]/DST[0] (../src/amf/gmm-build.c:556)
09/27 20:33:54.051: [amf] INFO: [Added] Number of AMF-Sessions is now 1 (../src/amf/context.c:2953)
09/27 20:33:54.051: [gmm] INFO: UE SUPI[imsi-999700000000001] DNN[internet] LBO[0] S_NSSAI[SST:1 SD:0xffffff] smContextRef[NULL] smContextResourceURI[NULL] (../src/amf/gmm-handler.c:1430)
09/27 20:33:54.051: [gmm] INFO: V-SMF Instance [906c29ec-ba5d-41f1-be52-ad912ab46b09](LIST) (../src/amf/gmm-handler.c:1507)
09/27 20:33:54.051: [gmm] INFO: [906c29ec-ba5d-41f1-be52-ad912ab46b09] Setup NF Instance [type:SMF] (../src/amf/gmm-handler.c:1509)
09/27 20:33:54.051: [gmm] INFO: V-SMF Instance [906c29ec-ba5d-41f1-be52-ad912ab46b09] (../src/amf/gmm-handler.c:1519)
09/27 20:33:54.051: [gmm] INFO: V-SMF discovered in Non-Roaming or LBO-Roaming[0] (../src/amf/gmm-handler.c:1588)
09/27 20:33:54.051: [gmm] INFO: nsmf_pdusession [1:0x65506a9e8e70:(nil)] (../src/amf/gmm-handler.c:1628)
09/27 20:33:54.077: [amf] INFO: Setup NF EndPoint(addr) [127.0.0.4:7777] (../src/amf/nsmf-handler.c:140)
09/27 20:33:54.119: [amf] INFO: [imsi-999700000000001:1:11][0:0:NULL] /nsmf-pdusession/v1/sm-contexts/{smContextRef}/modify (../src/amf/nsmf-handler.c:983)
09/27 20:33:58.953: [amf] INFO: InitialUEMessage (../src/amf/ngap-handler.c:668)
09/27 20:33:58.953: [amf] INFO: [Added] Number of gNB-UEs is now 2 (../src/amf/context.c:2932)
09/27 20:33:58.953: [amf] INFO:     RAN_UE_NGAP_ID[19] AMF_UE_NGAP_ID[19] TAC[1] CellID[0x10] (../src/amf/ngap-handler.c:878)
09/27 20:33:58.953: [amf] INFO: [suci-0-999-70-0000-0-0-0000000001] known UE by SUCI (../src/amf/context.c:1932)
09/27 20:33:58.953: [amf] WARNING: [suci-0-999-70-0000-0-0-0000000001] Holding NG Context (../src/amf/amf-sm.c:1042)
09/27 20:33:58.953: [amf] WARNING: [suci-0-999-70-0000-0-0-0000000001]    RAN_UE_NGAP_ID[18] AMF_UE_NGAP_ID[18] (../src/amf/amf-sm.c:1042)
09/27 20:33:58.953: [gmm] INFO: Registration request (../src/amf/gmm-sm.c:1678)
09/27 20:33:58.953: [gmm] INFO: [suci-0-999-70-0000-0-0-0000000001]    SUCI (../src/amf/gmm-handler.c:186)
09/27 20:33:58.967: [amf] INFO: [imsi-999700000000001:1] Release SM context [204] (../src/amf/amf-sm.c:615)
09/27 20:33:58.967: [amf] INFO: [imsi-999700000000001:1] Release SM Context [state:31] (../src/amf/nsmf-handler.c:1200)
09/27 20:33:58.967: [amf] INFO: [Removed] Number of AMF-Sessions is now 0 (../src/amf/context.c:2960)
09/27 20:33:58.981: [amf] WARNING: UnRef NF EndPoint(addr) [127.0.0.11:7777] (../src/amf/nausf-handler.c:130)
09/27 20:33:58.981: [amf] INFO: Setup NF EndPoint(addr) [127.0.0.11:7777] (../src/amf/nausf-handler.c:130)
09/27 20:33:59.006: [gmm] WARNING: [suci-0-999-70-0000-0-0-0000000001] Clear NG Context (../src/amf/gmm-sm.c:2597)
09/27 20:33:59.006: [gmm] WARNING: [suci-0-999-70-0000-0-0-0000000001]    RAN_UE_NGAP_ID[18] AMF_UE_NGAP_ID[18] (../src/amf/gmm-sm.c:2597)
09/27 20:33:59.007: [amf] INFO: UE Context Release [Action:1] (../src/amf/ngap-handler.c:1961)
09/27 20:33:59.007: [amf] INFO:     RAN_UE_NGAP_ID[18] AMF_UE_NGAP_ID[18] (../src/amf/ngap-handler.c:1962)
09/27 20:33:59.007: [amf] INFO: [Removed] Number of gNB-UEs is now 1 (../src/amf/context.c:2939)
09/27 20:33:59.040: [amf] WARNING: UnRef NF EndPoint(addr) [127.0.0.13:7777] (../src/amf/npcf-handler.c:143)
09/27 20:33:59.041: [amf] INFO: Setup NF EndPoint(addr) [127.0.0.13:7777] (../src/amf/npcf-handler.c:143)
09/27 20:33:59.251: [gmm] INFO: [imsi-999700000000001] Registration complete (../src/amf/gmm-sm.c:3165)
09/27 20:33:59.251: [amf] INFO: [imsi-999700000000001] Configuration update command (../src/amf/nas-path.c:609)
09/27 20:33:59.251: [gmm] INFO:     UTC [2026-09-27T15:03:59] Timezone[0]/DST[0] (../src/amf/gmm-build.c:551)
09/27 20:33:59.251: [gmm] INFO:     LOCAL [2026-09-27T20:33:59] Timezone[19800]/DST[0] (../src/amf/gmm-build.c:556)
09/27 20:33:59.252: [amf] INFO: [Added] Number of AMF-Sessions is now 1 (../src/amf/context.c:2953)
09/27 20:33:59.252: [gmm] INFO: UE SUPI[imsi-999700000000001] DNN[internet] LBO[0] S_NSSAI[SST:1 SD:0xffffff] smContextRef[NULL] smContextResourceURI[NULL] (../src/amf/gmm-handler.c:1430)
09/27 20:33:59.255: [gmm] INFO: V-SMF Instance [906c29ec-ba5d-41f1-be52-ad912ab46b09](LIST) (../src/amf/gmm-handler.c:1507)
09/27 20:33:59.255: [gmm] INFO: [906c29ec-ba5d-41f1-be52-ad912ab46b09] Setup NF Instance [type:SMF] (../src/amf/gmm-handler.c:1509)
09/27 20:33:59.255: [gmm] INFO: V-SMF Instance [906c29ec-ba5d-41f1-be52-ad912ab46b09] (../src/amf/gmm-handler.c:1519)
09/27 20:33:59.255: [gmm] INFO: V-SMF discovered in Non-Roaming or LBO-Roaming[0] (../src/amf/gmm-handler.c:1588)
09/27 20:33:59.257: [gmm] INFO: nsmf_pdusession [1:0x65506a9e8e70:(nil)] (../src/amf/gmm-handler.c:1628)
09/27 20:33:59.292: [amf] INFO: Setup NF EndPoint(addr) [127.0.0.4:7777] (../src/amf/nsmf-handler.c:140)
09/27 20:33:59.349: [amf] INFO: [imsi-999700000000001:1:11][0:0:NULL] /nsmf-pdusession/v1/sm-contexts/{smContextRef}/modify (../src/amf/nsmf-handler.c:983)
09/27 20:34:04.154: [amf] INFO: InitialUEMessage (../src/amf/ngap-handler.c:668)
09/27 20:34:04.155: [amf] INFO: [Added] Number of gNB-UEs is now 2 (../src/amf/context.c:2932)
09/27 20:34:04.155: [amf] INFO:     RAN_UE_NGAP_ID[20] AMF_UE_NGAP_ID[20] TAC[1] CellID[0x10] (../src/amf/ngap-handler.c:878)
09/27 20:34:04.155: [amf] INFO: [suci-0-999-70-0000-0-0-0000000001] known UE by SUCI (../src/amf/context.c:1932)
09/27 20:34:04.155: [amf] WARNING: [suci-0-999-70-0000-0-0-0000000001] Holding NG Context (../src/amf/amf-sm.c:1042)
09/27 20:34:04.155: [amf] WARNING: [suci-0-999-70-0000-0-0-0000000001]    RAN_UE_NGAP_ID[19] AMF_UE_NGAP_ID[19] (../src/amf/amf-sm.c:1042)
09/27 20:34:04.155: [gmm] INFO: Registration request (../src/amf/gmm-sm.c:1678)
09/27 20:34:04.155: [gmm] INFO: [suci-0-999-70-0000-0-0-0000000001]    SUCI (../src/amf/gmm-handler.c:186)
09/27 20:34:04.174: [amf] INFO: [imsi-999700000000001:1] Release SM context [204] (../src/amf/amf-sm.c:615)
09/27 20:34:04.174: [amf] INFO: [imsi-999700000000001:1] Release SM Context [state:31] (../src/amf/nsmf-handler.c:1200)
09/27 20:34:04.174: [amf] INFO: [Removed] Number of AMF-Sessions is now 0 (../src/amf/context.c:2960)
09/27 20:34:04.185: [amf] WARNING: UnRef NF EndPoint(addr) [127.0.0.11:7777] (../src/amf/nausf-handler.c:130)
09/27 20:34:04.185: [amf] INFO: Setup NF EndPoint(addr) [127.0.0.11:7777] (../src/amf/nausf-handler.c:130)
09/27 20:34:04.210: [gmm] WARNING: [suci-0-999-70-0000-0-0-0000000001] Clear NG Context (../src/amf/gmm-sm.c:2597)
09/27 20:34:04.210: [gmm] WARNING: [suci-0-999-70-0000-0-0-0000000001]    RAN_UE_NGAP_ID[19] AMF_UE_NGAP_ID[19] (../src/amf/gmm-sm.c:2597)
09/27 20:34:04.213: [amf] INFO: UE Context Release [Action:1] (../src/amf/ngap-handler.c:1961)
09/27 20:34:04.213: [amf] INFO:     RAN_UE_NGAP_ID[19] AMF_UE_NGAP_ID[19] (../src/amf/ngap-handler.c:1962)
09/27 20:34:04.213: [amf] INFO: [Removed] Number of gNB-UEs is now 1 (../src/amf/context.c:2939)
09/27 20:34:04.253: [amf] WARNING: UnRef NF EndPoint(addr) [127.0.0.13:7777] (../src/amf/npcf-handler.c:143)
09/27 20:34:04.253: [amf] INFO: Setup NF EndPoint(addr) [127.0.0.13:7777] (../src/amf/npcf-handler.c:143)
09/27 20:34:04.457: [gmm] INFO: [imsi-999700000000001] Registration complete (../src/amf/gmm-sm.c:3165)
09/27 20:34:04.457: [amf] INFO: [imsi-999700000000001] Configuration update command (../src/amf/nas-path.c:609)
09/27 20:34:04.457: [gmm] INFO:     UTC [2026-09-27T15:04:04] Timezone[0]/DST[0] (../src/amf/gmm-build.c:551)
09/27 20:34:04.457: [gmm] INFO:     LOCAL [2026-09-27T20:34:04] Timezone[19800]/DST[0] (../src/amf/gmm-build.c:556)
09/27 20:34:04.458: [amf] INFO: [Added] Number of AMF-Sessions is now 1 (../src/amf/context.c:2953)
09/27 20:34:04.458: [gmm] INFO: UE SUPI[imsi-999700000000001] DNN[internet] LBO[0] S_NSSAI[SST:1 SD:0xffffff] smContextRef[NULL] smContextResourceURI[NULL] (../src/amf/gmm-handler.c:1430)
09/27 20:34:04.458: [gmm] INFO: V-SMF Instance [906c29ec-ba5d-41f1-be52-ad912ab46b09](LIST) (../src/amf/gmm-handler.c:1507)
09/27 20:34:04.458: [gmm] INFO: [906c29ec-ba5d-41f1-be52-ad912ab46b09] Setup NF Instance [type:SMF] (../src/amf/gmm-handler.c:1509)
09/27 20:34:04.458: [gmm] INFO: V-SMF Instance [906c29ec-ba5d-41f1-be52-ad912ab46b09] (../src/amf/gmm-handler.c:1519)
09/27 20:34:04.458: [gmm] INFO: V-SMF discovered in Non-Roaming or LBO-Roaming[0] (../src/amf/gmm-handler.c:1588)
09/27 20:34:04.458: [gmm] INFO: nsmf_pdusession [1:0x65506a9e8e70:(nil)] (../src/amf/gmm-handler.c:1628)
09/27 20:34:04.471: [amf] INFO: Setup NF EndPoint(addr) [127.0.0.4:7777] (../src/amf/nsmf-handler.c:140)
09/27 20:34:04.508: [amf] INFO: [imsi-999700000000001:1:11][0:0:NULL] /nsmf-pdusession/v1/sm-contexts/{smContextRef}/modify (../src/amf/nsmf-handler.c:983)
09/27 20:34:09.288: [amf] INFO: InitialUEMessage (../src/amf/ngap-handler.c:668)
09/27 20:34:09.289: [amf] INFO: [Added] Number of gNB-UEs is now 2 (../src/amf/context.c:2932)
09/27 20:34:09.289: [amf] INFO:     RAN_UE_NGAP_ID[21] AMF_UE_NGAP_ID[21] TAC[1] CellID[0x10] (../src/amf/ngap-handler.c:878)
09/27 20:34:09.289: [amf] INFO: [suci-0-999-70-0000-0-0-0000000001] known UE by SUCI (../src/amf/context.c:1932)
09/27 20:34:09.289: [amf] WARNING: [suci-0-999-70-0000-0-0-0000000001] Holding NG Context (../src/amf/amf-sm.c:1042)
09/27 20:34:09.289: [amf] WARNING: [suci-0-999-70-0000-0-0-0000000001]    RAN_UE_NGAP_ID[20] AMF_UE_NGAP_ID[20] (../src/amf/amf-sm.c:1042)
09/27 20:34:09.289: [gmm] INFO: Registration request (../src/amf/gmm-sm.c:1678)
09/27 20:34:09.289: [gmm] INFO: [suci-0-999-70-0000-0-0-0000000001]    SUCI (../src/amf/gmm-handler.c:186)
09/27 20:34:09.300: [amf] INFO: [imsi-999700000000001:1] Release SM context [204] (../src/amf/amf-sm.c:615)
09/27 20:34:09.300: [amf] INFO: [imsi-999700000000001:1] Release SM Context [state:31] (../src/amf/nsmf-handler.c:1200)
09/27 20:34:09.300: [amf] INFO: [Removed] Number of AMF-Sessions is now 0 (../src/amf/context.c:2960)
09/27 20:34:09.307: [amf] WARNING: UnRef NF EndPoint(addr) [127.0.0.11:7777] (../src/amf/nausf-handler.c:130)
09/27 20:34:09.307: [amf] INFO: Setup NF EndPoint(addr) [127.0.0.11:7777] (../src/amf/nausf-handler.c:130)
09/27 20:34:09.324: [gmm] WARNING: [suci-0-999-70-0000-0-0-0000000001] Clear NG Context (../src/amf/gmm-sm.c:2597)
09/27 20:34:09.324: [gmm] WARNING: [suci-0-999-70-0000-0-0-0000000001]    RAN_UE_NGAP_ID[20] AMF_UE_NGAP_ID[20] (../src/amf/gmm-sm.c:2597)
09/27 20:34:09.325: [amf] INFO: UE Context Release [Action:1] (../src/amf/ngap-handler.c:1961)
09/27 20:34:09.325: [amf] INFO:     RAN_UE_NGAP_ID[20] AMF_UE_NGAP_ID[20] (../src/amf/ngap-handler.c:1962)
09/27 20:34:09.325: [amf] INFO: [Removed] Number of gNB-UEs is now 1 (../src/amf/context.c:2939)
09/27 20:34:09.350: [amf] WARNING: UnRef NF EndPoint(addr) [127.0.0.13:7777] (../src/amf/npcf-handler.c:143)
09/27 20:34:09.350: [amf] INFO: Setup NF EndPoint(addr) [127.0.0.13:7777] (../src/amf/npcf-handler.c:143)
09/27 20:34:09.554: [gmm] INFO: [imsi-999700000000001] Registration complete (../src/amf/gmm-sm.c:3165)
09/27 20:34:09.554: [amf] INFO: [imsi-999700000000001] Configuration update command (../src/amf/nas-path.c:609)
09/27 20:34:09.554: [gmm] INFO:     UTC [2026-09-27T15:04:09] Timezone[0]/DST[0] (../src/amf/gmm-build.c:551)
09/27 20:34:09.554: [gmm] INFO:     LOCAL [2026-09-27T20:34:09] Timezone[19800]/DST[0] (../src/amf/gmm-build.c:556)
09/27 20:34:09.554: [amf] INFO: [Added] Number of AMF-Sessions is now 1 (../src/amf/context.c:2953)
09/27 20:34:09.557: [gmm] INFO: UE SUPI[imsi-999700000000001] DNN[internet] LBO[0] S_NSSAI[SST:1 SD:0xffffff] smContextRef[NULL] smContextResourceURI[NULL] (../src/amf/gmm-handler.c:1430)
09/27 20:34:09.557: [gmm] INFO: V-SMF Instance [906c29ec-ba5d-41f1-be52-ad912ab46b09](LIST) (../src/amf/gmm-handler.c:1507)
09/27 20:34:09.557: [gmm] INFO: [906c29ec-ba5d-41f1-be52-ad912ab46b09] Setup NF Instance [type:SMF] (../src/amf/gmm-handler.c:1509)
09/27 20:34:09.557: [gmm] INFO: V-SMF Instance [906c29ec-ba5d-41f1-be52-ad912ab46b09] (../src/amf/gmm-handler.c:1519)
09/27 20:34:09.557: [gmm] INFO: V-SMF discovered in Non-Roaming or LBO-Roaming[0] (../src/amf/gmm-handler.c:1588)
09/27 20:34:09.557: [gmm] INFO: nsmf_pdusession [1:0x65506a9e8e70:(nil)] (../src/amf/gmm-handler.c:1628)
09/27 20:34:09.577: [amf] INFO: Setup NF EndPoint(addr) [127.0.0.4:7777] (../src/amf/nsmf-handler.c:140)
09/27 20:34:09.610: [amf] INFO: [imsi-999700000000001:1:11][0:0:NULL] /nsmf-pdusession/v1/sm-contexts/{smContextRef}/modify (../src/amf/nsmf-handler.c:983)
09/27 20:34:14.488: [amf] INFO: InitialUEMessage (../src/amf/ngap-handler.c:668)
09/27 20:34:14.488: [amf] INFO: [Added] Number of gNB-UEs is now 2 (../src/amf/context.c:2932)
09/27 20:34:14.488: [amf] INFO:     RAN_UE_NGAP_ID[22] AMF_UE_NGAP_ID[22] TAC[1] CellID[0x10] (../src/amf/ngap-handler.c:878)
09/27 20:34:14.488: [amf] INFO: [suci-0-999-70-0000-0-0-0000000001] known UE by SUCI (../src/amf/context.c:1932)
09/27 20:34:14.488: [amf] WARNING: [suci-0-999-70-0000-0-0-0000000001] Holding NG Context (../src/amf/amf-sm.c:1042)
09/27 20:34:14.488: [amf] WARNING: [suci-0-999-70-0000-0-0-0000000001]    RAN_UE_NGAP_ID[21] AMF_UE_NGAP_ID[21] (../src/amf/amf-sm.c:1042)
09/27 20:34:14.488: [gmm] INFO: Registration request (../src/amf/gmm-sm.c:1678)
09/27 20:34:14.488: [gmm] INFO: [suci-0-999-70-0000-0-0-0000000001]    SUCI (../src/amf/gmm-handler.c:186)
09/27 20:34:14.512: [amf] INFO: [imsi-999700000000001:1] Release SM context [204] (../src/amf/amf-sm.c:615)
09/27 20:34:14.512: [amf] INFO: [imsi-999700000000001:1] Release SM Context [state:31] (../src/amf/nsmf-handler.c:1200)
09/27 20:34:14.512: [amf] INFO: [Removed] Number of AMF-Sessions is now 0 (../src/amf/context.c:2960)
09/27 20:34:14.528: [amf] WARNING: UnRef NF EndPoint(addr) [127.0.0.11:7777] (../src/amf/nausf-handler.c:130)
09/27 20:34:14.529: [amf] INFO: Setup NF EndPoint(addr) [127.0.0.11:7777] (../src/amf/nausf-handler.c:130)
09/27 20:34:14.559: [gmm] WARNING: [suci-0-999-70-0000-0-0-0000000001] Clear NG Context (../src/amf/gmm-sm.c:2597)
09/27 20:34:14.559: [gmm] WARNING: [suci-0-999-70-0000-0-0-0000000001]    RAN_UE_NGAP_ID[21] AMF_UE_NGAP_ID[21] (../src/amf/gmm-sm.c:2597)
09/27 20:34:14.561: [amf] INFO: UE Context Release [Action:1] (../src/amf/ngap-handler.c:1961)
09/27 20:34:14.561: [amf] INFO:     RAN_UE_NGAP_ID[21] AMF_UE_NGAP_ID[21] (../src/amf/ngap-handler.c:1962)
09/27 20:34:14.561: [amf] INFO: [Removed] Number of gNB-UEs is now 1 (../src/amf/context.c:2939)
09/27 20:34:14.599: [amf] WARNING: UnRef NF EndPoint(addr) [127.0.0.13:7777] (../src/amf/npcf-handler.c:143)
09/27 20:34:14.600: [amf] INFO: Setup NF EndPoint(addr) [127.0.0.13:7777] (../src/amf/npcf-handler.c:143)
09/27 20:34:14.809: [gmm] INFO: [imsi-999700000000001] Registration complete (../src/amf/gmm-sm.c:3165)
09/27 20:34:14.809: [amf] INFO: [imsi-999700000000001] Configuration update command (../src/amf/nas-path.c:609)
09/27 20:34:14.809: [gmm] INFO:     UTC [2026-09-27T15:04:14] Timezone[0]/DST[0] (../src/amf/gmm-build.c:551)
09/27 20:34:14.809: [gmm] INFO:     LOCAL [2026-09-27T20:34:14] Timezone[19800]/DST[0] (../src/amf/gmm-build.c:556)
09/27 20:34:14.811: [amf] INFO: [Added] Number of AMF-Sessions is now 1 (../src/amf/context.c:2953)
09/27 20:34:14.811: [gmm] INFO: UE SUPI[imsi-999700000000001] DNN[internet] LBO[0] S_NSSAI[SST:1 SD:0xffffff] smContextRef[NULL] smContextResourceURI[NULL] (../src/amf/gmm-handler.c:1430)
09/27 20:34:14.811: [gmm] INFO: V-SMF Instance [906c29ec-ba5d-41f1-be52-ad912ab46b09](LIST) (../src/amf/gmm-handler.c:1507)
09/27 20:34:14.811: [gmm] INFO: [906c29ec-ba5d-41f1-be52-ad912ab46b09] Setup NF Instance [type:SMF] (../src/amf/gmm-handler.c:1509)
09/27 20:34:14.811: [gmm] INFO: V-SMF Instance [906c29ec-ba5d-41f1-be52-ad912ab46b09] (../src/amf/gmm-handler.c:1519)
09/27 20:34:14.811: [gmm] INFO: V-SMF discovered in Non-Roaming or LBO-Roaming[0] (../src/amf/gmm-handler.c:1588)
09/27 20:34:14.811: [gmm] INFO: nsmf_pdusession [1:0x65506a9e8e70:(nil)] (../src/amf/gmm-handler.c:1628)
09/27 20:34:14.835: [amf] INFO: Setup NF EndPoint(addr) [127.0.0.4:7777] (../src/amf/nsmf-handler.c:140)
09/27 20:34:14.889: [amf] INFO: [imsi-999700000000001:1:11][0:0:NULL] /nsmf-pdusession/v1/sm-contexts/{smContextRef}/modify (../src/amf/nsmf-handler.c:983)
09/27 20:34:19.646: [amf] INFO: InitialUEMessage (../src/amf/ngap-handler.c:668)
09/27 20:34:19.646: [amf] INFO: [Added] Number of gNB-UEs is now 2 (../src/amf/context.c:2932)
09/27 20:34:19.646: [amf] INFO:     RAN_UE_NGAP_ID[23] AMF_UE_NGAP_ID[23] TAC[1] CellID[0x10] (../src/amf/ngap-handler.c:878)
09/27 20:34:19.646: [amf] INFO: [suci-0-999-70-0000-0-0-0000000001] known UE by SUCI (../src/amf/context.c:1932)
09/27 20:34:19.646: [amf] WARNING: [suci-0-999-70-0000-0-0-0000000001] Holding NG Context (../src/amf/amf-sm.c:1042)
09/27 20:34:19.646: [amf] WARNING: [suci-0-999-70-0000-0-0-0000000001]    RAN_UE_NGAP_ID[22] AMF_UE_NGAP_ID[22] (../src/amf/amf-sm.c:1042)
09/27 20:34:19.647: [gmm] INFO: Registration request (../src/amf/gmm-sm.c:1678)
09/27 20:34:19.647: [gmm] INFO: [suci-0-999-70-0000-0-0-0000000001]    SUCI (../src/amf/gmm-handler.c:186)
09/27 20:34:19.667: [amf] INFO: [imsi-999700000000001:1] Release SM context [204] (../src/amf/amf-sm.c:615)
09/27 20:34:19.667: [amf] INFO: [imsi-999700000000001:1] Release SM Context [state:31] (../src/amf/nsmf-handler.c:1200)
09/27 20:34:19.667: [amf] INFO: [Removed] Number of AMF-Sessions is now 0 (../src/amf/context.c:2960)
09/27 20:34:19.681: [amf] WARNING: UnRef NF EndPoint(addr) [127.0.0.11:7777] (../src/amf/nausf-handler.c:130)
09/27 20:34:19.681: [amf] INFO: Setup NF EndPoint(addr) [127.0.0.11:7777] (../src/amf/nausf-handler.c:130)
09/27 20:34:19.706: [gmm] WARNING: [suci-0-999-70-0000-0-0-0000000001] Clear NG Context (../src/amf/gmm-sm.c:2597)
09/27 20:34:19.706: [gmm] WARNING: [suci-0-999-70-0000-0-0-0000000001]    RAN_UE_NGAP_ID[22] AMF_UE_NGAP_ID[22] (../src/amf/gmm-sm.c:2597)
09/27 20:34:19.710: [amf] INFO: UE Context Release [Action:1] (../src/amf/ngap-handler.c:1961)
09/27 20:34:19.710: [amf] INFO:     RAN_UE_NGAP_ID[22] AMF_UE_NGAP_ID[22] (../src/amf/ngap-handler.c:1962)
09/27 20:34:19.710: [amf] INFO: [Removed] Number of gNB-UEs is now 1 (../src/amf/context.c:2939)
09/27 20:34:19.745: [amf] WARNING: UnRef NF EndPoint(addr) [127.0.0.13:7777] (../src/amf/npcf-handler.c:143)
09/27 20:34:19.745: [amf] INFO: Setup NF EndPoint(addr) [127.0.0.13:7777] (../src/amf/npcf-handler.c:143)
09/27 20:34:19.954: [gmm] INFO: [imsi-999700000000001] Registration complete (../src/amf/gmm-sm.c:3165)
09/27 20:34:19.954: [amf] INFO: [imsi-999700000000001] Configuration update command (../src/amf/nas-path.c:609)
09/27 20:34:19.954: [gmm] INFO:     UTC [2026-09-27T15:04:19] Timezone[0]/DST[0] (../src/amf/gmm-build.c:551)
09/27 20:34:19.954: [gmm] INFO:     LOCAL [2026-09-27T20:34:19] Timezone[19800]/DST[0] (../src/amf/gmm-build.c:556)
09/27 20:34:19.955: [amf] INFO: [Added] Number of AMF-Sessions is now 1 (../src/amf/context.c:2953)
09/27 20:34:19.955: [gmm] INFO: UE SUPI[imsi-999700000000001] DNN[internet] LBO[0] S_NSSAI[SST:1 SD:0xffffff] smContextRef[NULL] smContextResourceURI[NULL] (../src/amf/gmm-handler.c:1430)
09/27 20:34:19.955: [gmm] INFO: V-SMF Instance [906c29ec-ba5d-41f1-be52-ad912ab46b09](LIST) (../src/amf/gmm-handler.c:1507)
09/27 20:34:19.955: [gmm] INFO: [906c29ec-ba5d-41f1-be52-ad912ab46b09] Setup NF Instance [type:SMF] (../src/amf/gmm-handler.c:1509)
09/27 20:34:19.955: [gmm] INFO: V-SMF Instance [906c29ec-ba5d-41f1-be52-ad912ab46b09] (../src/amf/gmm-handler.c:1519)
09/27 20:34:19.955: [gmm] INFO: V-SMF discovered in Non-Roaming or LBO-Roaming[0] (../src/amf/gmm-handler.c:1588)
09/27 20:34:19.955: [gmm] INFO: nsmf_pdusession [1:0x65506a9e8e70:(nil)] (../src/amf/gmm-handler.c:1628)
09/27 20:34:19.977: [amf] INFO: Setup NF EndPoint(addr) [127.0.0.4:7777] (../src/amf/nsmf-handler.c:140)
09/27 20:34:20.014: [amf] INFO: [imsi-999700000000001:1:11][0:0:NULL] /nsmf-pdusession/v1/sm-contexts/{smContextRef}/modify (../src/amf/nsmf-handler.c:983)
09/27 20:34:24.801: [amf] INFO: InitialUEMessage (../src/amf/ngap-handler.c:668)
09/27 20:34:24.801: [amf] INFO: [Added] Number of gNB-UEs is now 2 (../src/amf/context.c:2932)
09/27 20:34:24.801: [amf] INFO:     RAN_UE_NGAP_ID[24] AMF_UE_NGAP_ID[24] TAC[1] CellID[0x10] (../src/amf/ngap-handler.c:878)
09/27 20:34:24.801: [amf] INFO: [suci-0-999-70-0000-0-0-0000000001] known UE by SUCI (../src/amf/context.c:1932)
09/27 20:34:24.801: [amf] WARNING: [suci-0-999-70-0000-0-0-0000000001] Holding NG Context (../src/amf/amf-sm.c:1042)
09/27 20:34:24.801: [amf] WARNING: [suci-0-999-70-0000-0-0-0000000001]    RAN_UE_NGAP_ID[23] AMF_UE_NGAP_ID[23] (../src/amf/amf-sm.c:1042)
09/27 20:34:24.801: [gmm] INFO: Registration request (../src/amf/gmm-sm.c:1678)
09/27 20:34:24.801: [gmm] INFO: [suci-0-999-70-0000-0-0-0000000001]    SUCI (../src/amf/gmm-handler.c:186)
09/27 20:34:24.814: [amf] INFO: [imsi-999700000000001:1] Release SM context [204] (../src/amf/amf-sm.c:615)
09/27 20:34:24.814: [amf] INFO: [imsi-999700000000001:1] Release SM Context [state:31] (../src/amf/nsmf-handler.c:1200)
09/27 20:34:24.814: [amf] INFO: [Removed] Number of AMF-Sessions is now 0 (../src/amf/context.c:2960)
09/27 20:34:24.825: [amf] WARNING: UnRef NF EndPoint(addr) [127.0.0.11:7777] (../src/amf/nausf-handler.c:130)
09/27 20:34:24.825: [amf] INFO: Setup NF EndPoint(addr) [127.0.0.11:7777] (../src/amf/nausf-handler.c:130)
09/27 20:34:24.845: [gmm] WARNING: [suci-0-999-70-0000-0-0-0000000001] Clear NG Context (../src/amf/gmm-sm.c:2597)
09/27 20:34:24.845: [gmm] WARNING: [suci-0-999-70-0000-0-0-0000000001]    RAN_UE_NGAP_ID[23] AMF_UE_NGAP_ID[23] (../src/amf/gmm-sm.c:2597)
09/27 20:34:24.846: [amf] INFO: UE Context Release [Action:1] (../src/amf/ngap-handler.c:1961)
09/27 20:34:24.846: [amf] INFO:     RAN_UE_NGAP_ID[23] AMF_UE_NGAP_ID[23] (../src/amf/ngap-handler.c:1962)
09/27 20:34:24.846: [amf] INFO: [Removed] Number of gNB-UEs is now 1 (../src/amf/context.c:2939)
09/27 20:34:24.871: [amf] WARNING: UnRef NF EndPoint(addr) [127.0.0.13:7777] (../src/amf/npcf-handler.c:143)
09/27 20:34:24.871: [amf] INFO: Setup NF EndPoint(addr) [127.0.0.13:7777] (../src/amf/npcf-handler.c:143)
09/27 20:34:25.073: [gmm] INFO: [imsi-999700000000001] Registration complete (../src/amf/gmm-sm.c:3165)
09/27 20:34:25.073: [amf] INFO: [imsi-999700000000001] Configuration update command (../src/amf/nas-path.c:609)
09/27 20:34:25.073: [gmm] INFO:     UTC [2026-09-27T15:04:25] Timezone[0]/DST[0] (../src/amf/gmm-build.c:551)
09/27 20:34:25.073: [gmm] INFO:     LOCAL [2026-09-27T20:34:25] Timezone[19800]/DST[0] (../src/amf/gmm-build.c:556)
09/27 20:34:25.074: [amf] INFO: [Added] Number of AMF-Sessions is now 1 (../src/amf/context.c:2953)
09/27 20:34:25.074: [gmm] INFO: UE SUPI[imsi-999700000000001] DNN[internet] LBO[0] S_NSSAI[SST:1 SD:0xffffff] smContextRef[NULL] smContextResourceURI[NULL] (../src/amf/gmm-handler.c:1430)
09/27 20:34:25.074: [gmm] INFO: V-SMF Instance [906c29ec-ba5d-41f1-be52-ad912ab46b09](LIST) (../src/amf/gmm-handler.c:1507)
09/27 20:34:25.074: [gmm] INFO: [906c29ec-ba5d-41f1-be52-ad912ab46b09] Setup NF Instance [type:SMF] (../src/amf/gmm-handler.c:1509)
09/27 20:34:25.074: [gmm] INFO: V-SMF Instance [906c29ec-ba5d-41f1-be52-ad912ab46b09] (../src/amf/gmm-handler.c:1519)
09/27 20:34:25.074: [gmm] INFO: V-SMF discovered in Non-Roaming or LBO-Roaming[0] (../src/amf/gmm-handler.c:1588)
09/27 20:34:25.074: [gmm] INFO: nsmf_pdusession [1:0x65506a9e8e70:(nil)] (../src/amf/gmm-handler.c:1628)
09/27 20:34:25.091: [amf] INFO: Setup NF EndPoint(addr) [127.0.0.4:7777] (../src/amf/nsmf-handler.c:140)
09/27 20:34:25.141: [amf] INFO: [imsi-999700000000001:1:11][0:0:NULL] /nsmf-pdusession/v1/sm-contexts/{smContextRef}/modify (../src/amf/nsmf-handler.c:983)
09/27 20:37:32.299: [amf] INFO: InitialUEMessage (../src/amf/ngap-handler.c:668)
09/27 20:37:32.299: [amf] INFO: [Added] Number of gNB-UEs is now 2 (../src/amf/context.c:2932)
09/27 20:37:32.299: [amf] INFO:     RAN_UE_NGAP_ID[25] AMF_UE_NGAP_ID[25] TAC[1] CellID[0x10] (../src/amf/ngap-handler.c:878)
09/27 20:37:32.299: [amf] INFO: [suci-0-999-70-0000-0-0-0000000001] known UE by SUCI (../src/amf/context.c:1932)
09/27 20:37:32.299: [amf] WARNING: [suci-0-999-70-0000-0-0-0000000001] Holding NG Context (../src/amf/amf-sm.c:1042)
09/27 20:37:32.299: [amf] WARNING: [suci-0-999-70-0000-0-0-0000000001]    RAN_UE_NGAP_ID[24] AMF_UE_NGAP_ID[24] (../src/amf/amf-sm.c:1042)
09/27 20:37:32.299: [gmm] INFO: Registration request (../src/amf/gmm-sm.c:1678)
09/27 20:37:32.299: [gmm] INFO: [suci-0-999-70-0000-0-0-0000000001]    SUCI (../src/amf/gmm-handler.c:186)
09/27 20:37:32.327: [amf] INFO: [imsi-999700000000001:1] Release SM context [204] (../src/amf/amf-sm.c:615)
09/27 20:37:32.327: [amf] INFO: [imsi-999700000000001:1] Release SM Context [state:31] (../src/amf/nsmf-handler.c:1200)
09/27 20:37:32.327: [amf] INFO: [Removed] Number of AMF-Sessions is now 0 (../src/amf/context.c:2960)
09/27 20:37:32.347: [amf] WARNING: UnRef NF EndPoint(addr) [127.0.0.11:7777] (../src/amf/nausf-handler.c:130)
09/27 20:37:32.347: [amf] INFO: Setup NF EndPoint(addr) [127.0.0.11:7777] (../src/amf/nausf-handler.c:130)
09/27 20:37:32.376: [gmm] WARNING: [suci-0-999-70-0000-0-0-0000000001] Clear NG Context (../src/amf/gmm-sm.c:2597)
09/27 20:37:32.376: [gmm] WARNING: [suci-0-999-70-0000-0-0-0000000001]    RAN_UE_NGAP_ID[24] AMF_UE_NGAP_ID[24] (../src/amf/gmm-sm.c:2597)
09/27 20:37:32.379: [amf] INFO: UE Context Release [Action:1] (../src/amf/ngap-handler.c:1961)
09/27 20:37:32.379: [amf] INFO:     RAN_UE_NGAP_ID[24] AMF_UE_NGAP_ID[24] (../src/amf/ngap-handler.c:1962)
09/27 20:37:32.379: [amf] INFO: [Removed] Number of gNB-UEs is now 1 (../src/amf/context.c:2939)
09/27 20:37:32.421: [amf] WARNING: UnRef NF EndPoint(addr) [127.0.0.13:7777] (../src/amf/npcf-handler.c:143)
09/27 20:37:32.421: [amf] INFO: Setup NF EndPoint(addr) [127.0.0.13:7777] (../src/amf/npcf-handler.c:143)
09/27 20:37:32.626: [gmm] INFO: [imsi-999700000000001] Registration complete (../src/amf/gmm-sm.c:3165)
09/27 20:37:32.626: [amf] INFO: [imsi-999700000000001] Configuration update command (../src/amf/nas-path.c:609)
09/27 20:37:32.626: [gmm] INFO:     UTC [2026-09-27T15:07:32] Timezone[0]/DST[0] (../src/amf/gmm-build.c:551)
09/27 20:37:32.626: [gmm] INFO:     LOCAL [2026-09-27T20:37:32] Timezone[19800]/DST[0] (../src/amf/gmm-build.c:556)
09/27 20:37:32.626: [amf] INFO: [Added] Number of AMF-Sessions is now 1 (../src/amf/context.c:2953)
09/27 20:37:32.626: [gmm] INFO: UE SUPI[imsi-999700000000001] DNN[internet] LBO[0] S_NSSAI[SST:1 SD:0xffffff] smContextRef[NULL] smContextResourceURI[NULL] (../src/amf/gmm-handler.c:1430)
09/27 20:37:32.626: [gmm] INFO: V-SMF Instance [906c29ec-ba5d-41f1-be52-ad912ab46b09](LIST) (../src/amf/gmm-handler.c:1507)
09/27 20:37:32.626: [gmm] INFO: [906c29ec-ba5d-41f1-be52-ad912ab46b09] Setup NF Instance [type:SMF] (../src/amf/gmm-handler.c:1509)
09/27 20:37:32.626: [gmm] INFO: V-SMF Instance [906c29ec-ba5d-41f1-be52-ad912ab46b09] (../src/amf/gmm-handler.c:1519)
09/27 20:37:32.626: [gmm] INFO: V-SMF discovered in Non-Roaming or LBO-Roaming[0] (../src/amf/gmm-handler.c:1588)
09/27 20:37:32.626: [gmm] INFO: nsmf_pdusession [1:0x65506a9e8e70:(nil)] (../src/amf/gmm-handler.c:1628)
09/27 20:37:32.648: [amf] INFO: Setup NF EndPoint(addr) [127.0.0.4:7777] (../src/amf/nsmf-handler.c:140)
09/27 20:37:32.667: [sbi] INFO: GOAWAY received: last-stream-id=0 (../lib/sbi/nghttp2-server.c:1376)
09/27 20:37:32.667: [sbi] INFO: error_code=0 (../lib/sbi/nghttp2-server.c:1378)
09/27 20:37:32.700: [amf] INFO: [imsi-999700000000001:1:11][0:0:NULL] /nsmf-pdusession/v1/sm-contexts/{smContextRef}/modify (../src/amf/nsmf-handler.c:983)
09/27 20:37:37.484: [amf] INFO: InitialUEMessage (../src/amf/ngap-handler.c:668)
09/27 20:37:37.484: [amf] INFO: [Added] Number of gNB-UEs is now 2 (../src/amf/context.c:2932)
09/27 20:37:37.485: [amf] INFO:     RAN_UE_NGAP_ID[26] AMF_UE_NGAP_ID[26] TAC[1] CellID[0x10] (../src/amf/ngap-handler.c:878)
09/27 20:37:37.485: [amf] INFO: [suci-0-999-70-0000-0-0-0000000001] known UE by SUCI (../src/amf/context.c:1932)
09/27 20:37:37.485: [amf] WARNING: [suci-0-999-70-0000-0-0-0000000001] Holding NG Context (../src/amf/amf-sm.c:1042)
09/27 20:37:37.485: [amf] WARNING: [suci-0-999-70-0000-0-0-0000000001]    RAN_UE_NGAP_ID[25] AMF_UE_NGAP_ID[25] (../src/amf/amf-sm.c:1042)
09/27 20:37:37.485: [gmm] INFO: Registration request (../src/amf/gmm-sm.c:1678)
09/27 20:37:37.485: [gmm] INFO: [suci-0-999-70-0000-0-0-0000000001]    SUCI (../src/amf/gmm-handler.c:186)
09/27 20:37:37.505: [amf] INFO: [imsi-999700000000001:1] Release SM context [204] (../src/amf/amf-sm.c:615)
09/27 20:37:37.505: [amf] INFO: [imsi-999700000000001:1] Release SM Context [state:31] (../src/amf/nsmf-handler.c:1200)
09/27 20:37:37.505: [amf] INFO: [Removed] Number of AMF-Sessions is now 0 (../src/amf/context.c:2960)
09/27 20:37:37.519: [amf] WARNING: UnRef NF EndPoint(addr) [127.0.0.11:7777] (../src/amf/nausf-handler.c:130)
09/27 20:37:37.520: [amf] INFO: Setup NF EndPoint(addr) [127.0.0.11:7777] (../src/amf/nausf-handler.c:130)
09/27 20:37:37.550: [gmm] WARNING: [suci-0-999-70-0000-0-0-0000000001] Clear NG Context (../src/amf/gmm-sm.c:2597)
09/27 20:37:37.550: [gmm] WARNING: [suci-0-999-70-0000-0-0-0000000001]    RAN_UE_NGAP_ID[25] AMF_UE_NGAP_ID[25] (../src/amf/gmm-sm.c:2597)
09/27 20:37:37.553: [amf] INFO: UE Context Release [Action:1] (../src/amf/ngap-handler.c:1961)
09/27 20:37:37.553: [amf] INFO:     RAN_UE_NGAP_ID[25] AMF_UE_NGAP_ID[25] (../src/amf/ngap-handler.c:1962)
09/27 20:37:37.553: [amf] INFO: [Removed] Number of gNB-UEs is now 1 (../src/amf/context.c:2939)
09/27 20:37:37.598: [amf] WARNING: UnRef NF EndPoint(addr) [127.0.0.13:7777] (../src/amf/npcf-handler.c:143)
09/27 20:37:37.598: [amf] INFO: Setup NF EndPoint(addr) [127.0.0.13:7777] (../src/amf/npcf-handler.c:143)
09/27 20:37:37.802: [gmm] INFO: [imsi-999700000000001] Registration complete (../src/amf/gmm-sm.c:3165)
09/27 20:37:37.802: [amf] INFO: [imsi-999700000000001] Configuration update command (../src/amf/nas-path.c:609)
09/27 20:37:37.802: [gmm] INFO:     UTC [2026-09-27T15:07:37] Timezone[0]/DST[0] (../src/amf/gmm-build.c:551)
09/27 20:37:37.802: [gmm] INFO:     LOCAL [2026-09-27T20:37:37] Timezone[19800]/DST[0] (../src/amf/gmm-build.c:556)
09/27 20:37:37.803: [amf] INFO: [Added] Number of AMF-Sessions is now 1 (../src/amf/context.c:2953)
09/27 20:37:37.803: [gmm] INFO: UE SUPI[imsi-999700000000001] DNN[internet] LBO[0] S_NSSAI[SST:1 SD:0xffffff] smContextRef[NULL] smContextResourceURI[NULL] (../src/amf/gmm-handler.c:1430)
09/27 20:37:37.803: [gmm] INFO: V-SMF Instance [906c29ec-ba5d-41f1-be52-ad912ab46b09](LIST) (../src/amf/gmm-handler.c:1507)
09/27 20:37:37.803: [gmm] INFO: [906c29ec-ba5d-41f1-be52-ad912ab46b09] Setup NF Instance [type:SMF] (../src/amf/gmm-handler.c:1509)
09/27 20:37:37.803: [gmm] INFO: V-SMF Instance [906c29ec-ba5d-41f1-be52-ad912ab46b09] (../src/amf/gmm-handler.c:1519)
09/27 20:37:37.803: [gmm] INFO: V-SMF discovered in Non-Roaming or LBO-Roaming[0] (../src/amf/gmm-handler.c:1588)
09/27 20:37:37.803: [gmm] INFO: nsmf_pdusession [1:0x65506a9e8e70:(nil)] (../src/amf/gmm-handler.c:1628)
09/27 20:37:37.825: [amf] INFO: Setup NF EndPoint(addr) [127.0.0.4:7777] (../src/amf/nsmf-handler.c:140)
09/27 20:37:37.877: [amf] INFO: [imsi-999700000000001:1:11][0:0:NULL] /nsmf-pdusession/v1/sm-contexts/{smContextRef}/modify (../src/amf/nsmf-handler.c:983)
09/27 20:37:42.713: [amf] INFO: InitialUEMessage (../src/amf/ngap-handler.c:668)
09/27 20:37:42.713: [amf] INFO: [Added] Number of gNB-UEs is now 2 (../src/amf/context.c:2932)
09/27 20:37:42.713: [amf] INFO:     RAN_UE_NGAP_ID[27] AMF_UE_NGAP_ID[27] TAC[1] CellID[0x10] (../src/amf/ngap-handler.c:878)
09/27 20:37:42.713: [amf] INFO: [suci-0-999-70-0000-0-0-0000000001] known UE by SUCI (../src/amf/context.c:1932)
09/27 20:37:42.713: [amf] WARNING: [suci-0-999-70-0000-0-0-0000000001] Holding NG Context (../src/amf/amf-sm.c:1042)
09/27 20:37:42.713: [amf] WARNING: [suci-0-999-70-0000-0-0-0000000001]    RAN_UE_NGAP_ID[26] AMF_UE_NGAP_ID[26] (../src/amf/amf-sm.c:1042)
09/27 20:37:42.713: [gmm] INFO: Registration request (../src/amf/gmm-sm.c:1678)
09/27 20:37:42.713: [gmm] INFO: [suci-0-999-70-0000-0-0-0000000001]    SUCI (../src/amf/gmm-handler.c:186)
09/27 20:37:42.735: [amf] INFO: [imsi-999700000000001:1] Release SM context [204] (../src/amf/amf-sm.c:615)
09/27 20:37:42.735: [amf] INFO: [imsi-999700000000001:1] Release SM Context [state:31] (../src/amf/nsmf-handler.c:1200)
09/27 20:37:42.735: [amf] INFO: [Removed] Number of AMF-Sessions is now 0 (../src/amf/context.c:2960)
09/27 20:37:42.750: [amf] WARNING: UnRef NF EndPoint(addr) [127.0.0.11:7777] (../src/amf/nausf-handler.c:130)
09/27 20:37:42.750: [amf] INFO: Setup NF EndPoint(addr) [127.0.0.11:7777] (../src/amf/nausf-handler.c:130)
09/27 20:37:42.783: [gmm] WARNING: [suci-0-999-70-0000-0-0-0000000001] Clear NG Context (../src/amf/gmm-sm.c:2597)
09/27 20:37:42.783: [gmm] WARNING: [suci-0-999-70-0000-0-0-0000000001]    RAN_UE_NGAP_ID[26] AMF_UE_NGAP_ID[26] (../src/amf/gmm-sm.c:2597)
09/27 20:37:42.789: [amf] INFO: UE Context Release [Action:1] (../src/amf/ngap-handler.c:1961)
09/27 20:37:42.789: [amf] INFO:     RAN_UE_NGAP_ID[26] AMF_UE_NGAP_ID[26] (../src/amf/ngap-handler.c:1962)
09/27 20:37:42.789: [amf] INFO: [Removed] Number of gNB-UEs is now 1 (../src/amf/context.c:2939)
09/27 20:37:42.835: [amf] WARNING: UnRef NF EndPoint(addr) [127.0.0.13:7777] (../src/amf/npcf-handler.c:143)
09/27 20:37:42.835: [amf] INFO: Setup NF EndPoint(addr) [127.0.0.13:7777] (../src/amf/npcf-handler.c:143)
09/27 20:37:43.044: [gmm] INFO: [imsi-999700000000001] Registration complete (../src/amf/gmm-sm.c:3165)
09/27 20:37:43.044: [amf] INFO: [imsi-999700000000001] Configuration update command (../src/amf/nas-path.c:609)
09/27 20:37:43.044: [gmm] INFO:     UTC [2026-09-27T15:07:43] Timezone[0]/DST[0] (../src/amf/gmm-build.c:551)
09/27 20:37:43.044: [gmm] INFO:     LOCAL [2026-09-27T20:37:43] Timezone[19800]/DST[0] (../src/amf/gmm-build.c:556)
09/27 20:37:43.048: [amf] INFO: [Added] Number of AMF-Sessions is now 1 (../src/amf/context.c:2953)
09/27 20:37:43.048: [gmm] INFO: UE SUPI[imsi-999700000000001] DNN[internet] LBO[0] S_NSSAI[SST:1 SD:0xffffff] smContextRef[NULL] smContextResourceURI[NULL] (../src/amf/gmm-handler.c:1430)
09/27 20:37:43.048: [gmm] INFO: V-SMF Instance [906c29ec-ba5d-41f1-be52-ad912ab46b09](LIST) (../src/amf/gmm-handler.c:1507)
09/27 20:37:43.048: [gmm] INFO: [906c29ec-ba5d-41f1-be52-ad912ab46b09] Setup NF Instance [type:SMF] (../src/amf/gmm-handler.c:1509)
09/27 20:37:43.048: [gmm] INFO: V-SMF Instance [906c29ec-ba5d-41f1-be52-ad912ab46b09] (../src/amf/gmm-handler.c:1519)
09/27 20:37:43.048: [gmm] INFO: V-SMF discovered in Non-Roaming or LBO-Roaming[0] (../src/amf/gmm-handler.c:1588)
09/27 20:37:43.048: [gmm] INFO: nsmf_pdusession [1:0x65506a9e8e70:(nil)] (../src/amf/gmm-handler.c:1628)
09/27 20:37:43.075: [amf] INFO: Setup NF EndPoint(addr) [127.0.0.4:7777] (../src/amf/nsmf-handler.c:140)
09/27 20:37:43.117: [amf] INFO: [imsi-999700000000001:1:11][0:0:NULL] /nsmf-pdusession/v1/sm-contexts/{smContextRef}/modify (../src/amf/nsmf-handler.c:983)
09/27 20:37:47.908: [amf] INFO: InitialUEMessage (../src/amf/ngap-handler.c:668)
09/27 20:37:47.908: [amf] INFO: [Added] Number of gNB-UEs is now 2 (../src/amf/context.c:2932)
09/27 20:37:47.908: [amf] INFO:     RAN_UE_NGAP_ID[28] AMF_UE_NGAP_ID[28] TAC[1] CellID[0x10] (../src/amf/ngap-handler.c:878)
09/27 20:37:47.908: [amf] INFO: [suci-0-999-70-0000-0-0-0000000001] known UE by SUCI (../src/amf/context.c:1932)
09/27 20:37:47.908: [amf] WARNING: [suci-0-999-70-0000-0-0-0000000001] Holding NG Context (../src/amf/amf-sm.c:1042)
09/27 20:37:47.908: [amf] WARNING: [suci-0-999-70-0000-0-0-0000000001]    RAN_UE_NGAP_ID[27] AMF_UE_NGAP_ID[27] (../src/amf/amf-sm.c:1042)
09/27 20:37:47.908: [gmm] INFO: Registration request (../src/amf/gmm-sm.c:1678)
09/27 20:37:47.908: [gmm] INFO: [suci-0-999-70-0000-0-0-0000000001]    SUCI (../src/amf/gmm-handler.c:186)
09/27 20:37:47.930: [amf] INFO: [imsi-999700000000001:1] Release SM context [204] (../src/amf/amf-sm.c:615)
09/27 20:37:47.930: [amf] INFO: [imsi-999700000000001:1] Release SM Context [state:31] (../src/amf/nsmf-handler.c:1200)
09/27 20:37:47.930: [amf] INFO: [Removed] Number of AMF-Sessions is now 0 (../src/amf/context.c:2960)
09/27 20:37:47.943: [amf] WARNING: UnRef NF EndPoint(addr) [127.0.0.11:7777] (../src/amf/nausf-handler.c:130)
09/27 20:37:47.944: [amf] INFO: Setup NF EndPoint(addr) [127.0.0.11:7777] (../src/amf/nausf-handler.c:130)
09/27 20:37:47.972: [gmm] WARNING: [suci-0-999-70-0000-0-0-0000000001] Clear NG Context (../src/amf/gmm-sm.c:2597)
09/27 20:37:47.972: [gmm] WARNING: [suci-0-999-70-0000-0-0-0000000001]    RAN_UE_NGAP_ID[27] AMF_UE_NGAP_ID[27] (../src/amf/gmm-sm.c:2597)
09/27 20:37:47.973: [amf] INFO: UE Context Release [Action:1] (../src/amf/ngap-handler.c:1961)
09/27 20:37:47.973: [amf] INFO:     RAN_UE_NGAP_ID[27] AMF_UE_NGAP_ID[27] (../src/amf/ngap-handler.c:1962)
09/27 20:37:47.973: [amf] INFO: [Removed] Number of gNB-UEs is now 1 (../src/amf/context.c:2939)
09/27 20:37:48.029: [amf] WARNING: UnRef NF EndPoint(addr) [127.0.0.13:7777] (../src/amf/npcf-handler.c:143)
09/27 20:37:48.029: [amf] INFO: Setup NF EndPoint(addr) [127.0.0.13:7777] (../src/amf/npcf-handler.c:143)
09/27 20:37:48.233: [gmm] INFO: [imsi-999700000000001] Registration complete (../src/amf/gmm-sm.c:3165)
09/27 20:37:48.234: [amf] INFO: [imsi-999700000000001] Configuration update command (../src/amf/nas-path.c:609)
09/27 20:37:48.234: [gmm] INFO:     UTC [2026-09-27T15:07:48] Timezone[0]/DST[0] (../src/amf/gmm-build.c:551)
09/27 20:37:48.234: [gmm] INFO:     LOCAL [2026-09-27T20:37:48] Timezone[19800]/DST[0] (../src/amf/gmm-build.c:556)
09/27 20:37:48.234: [amf] INFO: [Added] Number of AMF-Sessions is now 1 (../src/amf/context.c:2953)
09/27 20:37:48.234: [gmm] INFO: UE SUPI[imsi-999700000000001] DNN[internet] LBO[0] S_NSSAI[SST:1 SD:0xffffff] smContextRef[NULL] smContextResourceURI[NULL] (../src/amf/gmm-handler.c:1430)
09/27 20:37:48.234: [gmm] INFO: V-SMF Instance [906c29ec-ba5d-41f1-be52-ad912ab46b09](LIST) (../src/amf/gmm-handler.c:1507)
09/27 20:37:48.234: [gmm] INFO: [906c29ec-ba5d-41f1-be52-ad912ab46b09] Setup NF Instance [type:SMF] (../src/amf/gmm-handler.c:1509)
09/27 20:37:48.234: [gmm] INFO: V-SMF Instance [906c29ec-ba5d-41f1-be52-ad912ab46b09] (../src/amf/gmm-handler.c:1519)
09/27 20:37:48.234: [gmm] INFO: V-SMF discovered in Non-Roaming or LBO-Roaming[0] (../src/amf/gmm-handler.c:1588)
09/27 20:37:48.234: [gmm] INFO: nsmf_pdusession [1:0x65506a9e8e70:(nil)] (../src/amf/gmm-handler.c:1628)
09/27 20:37:48.260: [amf] INFO: Setup NF EndPoint(addr) [127.0.0.4:7777] (../src/amf/nsmf-handler.c:140)
09/27 20:37:48.301: [amf] INFO: [imsi-999700000000001:1:11][0:0:NULL] /nsmf-pdusession/v1/sm-contexts/{smContextRef}/modify (../src/amf/nsmf-handler.c:983)
09/27 20:37:53.100: [amf] INFO: InitialUEMessage (../src/amf/ngap-handler.c:668)
09/27 20:37:53.100: [amf] INFO: [Added] Number of gNB-UEs is now 2 (../src/amf/context.c:2932)
09/27 20:37:53.100: [amf] INFO:     RAN_UE_NGAP_ID[29] AMF_UE_NGAP_ID[29] TAC[1] CellID[0x10] (../src/amf/ngap-handler.c:878)
09/27 20:37:53.100: [amf] INFO: [suci-0-999-70-0000-0-0-0000000001] known UE by SUCI (../src/amf/context.c:1932)
09/27 20:37:53.100: [amf] WARNING: [suci-0-999-70-0000-0-0-0000000001] Holding NG Context (../src/amf/amf-sm.c:1042)
09/27 20:37:53.100: [amf] WARNING: [suci-0-999-70-0000-0-0-0000000001]    RAN_UE_NGAP_ID[28] AMF_UE_NGAP_ID[28] (../src/amf/amf-sm.c:1042)
09/27 20:37:53.100: [gmm] INFO: Registration request (../src/amf/gmm-sm.c:1678)
09/27 20:37:53.100: [gmm] INFO: [suci-0-999-70-0000-0-0-0000000001]    SUCI (../src/amf/gmm-handler.c:186)
09/27 20:37:53.120: [amf] INFO: [imsi-999700000000001:1] Release SM context [204] (../src/amf/amf-sm.c:615)
09/27 20:37:53.120: [amf] INFO: [imsi-999700000000001:1] Release SM Context [state:31] (../src/amf/nsmf-handler.c:1200)
09/27 20:37:53.120: [amf] INFO: [Removed] Number of AMF-Sessions is now 0 (../src/amf/context.c:2960)
09/27 20:37:53.134: [amf] WARNING: UnRef NF EndPoint(addr) [127.0.0.11:7777] (../src/amf/nausf-handler.c:130)
09/27 20:37:53.134: [amf] INFO: Setup NF EndPoint(addr) [127.0.0.11:7777] (../src/amf/nausf-handler.c:130)
09/27 20:37:53.154: [gmm] WARNING: [suci-0-999-70-0000-0-0-0000000001] Clear NG Context (../src/amf/gmm-sm.c:2597)
09/27 20:37:53.154: [gmm] WARNING: [suci-0-999-70-0000-0-0-0000000001]    RAN_UE_NGAP_ID[28] AMF_UE_NGAP_ID[28] (../src/amf/gmm-sm.c:2597)
09/27 20:37:53.156: [amf] INFO: UE Context Release [Action:1] (../src/amf/ngap-handler.c:1961)
09/27 20:37:53.156: [amf] INFO:     RAN_UE_NGAP_ID[28] AMF_UE_NGAP_ID[28] (../src/amf/ngap-handler.c:1962)
09/27 20:37:53.156: [amf] INFO: [Removed] Number of gNB-UEs is now 1 (../src/amf/context.c:2939)
09/27 20:37:53.206: [amf] WARNING: UnRef NF EndPoint(addr) [127.0.0.13:7777] (../src/amf/npcf-handler.c:143)
09/27 20:37:53.206: [amf] INFO: Setup NF EndPoint(addr) [127.0.0.13:7777] (../src/amf/npcf-handler.c:143)
09/27 20:37:53.443: [gmm] INFO: [imsi-999700000000001] Registration complete (../src/amf/gmm-sm.c:3165)
09/27 20:37:53.443: [amf] INFO: [imsi-999700000000001] Configuration update command (../src/amf/nas-path.c:609)
09/27 20:37:53.443: [gmm] INFO:     UTC [2026-09-27T15:07:53] Timezone[0]/DST[0] (../src/amf/gmm-build.c:551)
09/27 20:37:53.443: [gmm] INFO:     LOCAL [2026-09-27T20:37:53] Timezone[19800]/DST[0] (../src/amf/gmm-build.c:556)
09/27 20:37:53.444: [amf] INFO: [Added] Number of AMF-Sessions is now 1 (../src/amf/context.c:2953)
09/27 20:37:53.444: [gmm] INFO: UE SUPI[imsi-999700000000001] DNN[internet] LBO[0] S_NSSAI[SST:1 SD:0xffffff] smContextRef[NULL] smContextResourceURI[NULL] (../src/amf/gmm-handler.c:1430)
09/27 20:37:53.444: [gmm] INFO: V-SMF Instance [906c29ec-ba5d-41f1-be52-ad912ab46b09](LIST) (../src/amf/gmm-handler.c:1507)
09/27 20:37:53.444: [gmm] INFO: [906c29ec-ba5d-41f1-be52-ad912ab46b09] Setup NF Instance [type:SMF] (../src/amf/gmm-handler.c:1509)
09/27 20:37:53.444: [gmm] INFO: V-SMF Instance [906c29ec-ba5d-41f1-be52-ad912ab46b09] (../src/amf/gmm-handler.c:1519)
09/27 20:37:53.444: [gmm] INFO: V-SMF discovered in Non-Roaming or LBO-Roaming[0] (../src/amf/gmm-handler.c:1588)
09/27 20:37:53.444: [gmm] INFO: nsmf_pdusession [1:0x65506a9e8e70:(nil)] (../src/amf/gmm-handler.c:1628)
09/27 20:37:53.474: [amf] INFO: Setup NF EndPoint(addr) [127.0.0.4:7777] (../src/amf/nsmf-handler.c:140)
09/27 20:37:53.524: [amf] INFO: [imsi-999700000000001:1:11][0:0:NULL] /nsmf-pdusession/v1/sm-contexts/{smContextRef}/modify (../src/amf/nsmf-handler.c:983)
09/27 20:37:58.251: [amf] INFO: InitialUEMessage (../src/amf/ngap-handler.c:668)
09/27 20:37:58.252: [amf] INFO: [Added] Number of gNB-UEs is now 2 (../src/amf/context.c:2932)
09/27 20:37:58.252: [amf] INFO:     RAN_UE_NGAP_ID[30] AMF_UE_NGAP_ID[30] TAC[1] CellID[0x10] (../src/amf/ngap-handler.c:878)
09/27 20:37:58.252: [amf] INFO: [suci-0-999-70-0000-0-0-0000000001] known UE by SUCI (../src/amf/context.c:1932)
09/27 20:37:58.252: [amf] WARNING: [suci-0-999-70-0000-0-0-0000000001] Holding NG Context (../src/amf/amf-sm.c:1042)
09/27 20:37:58.252: [amf] WARNING: [suci-0-999-70-0000-0-0-0000000001]    RAN_UE_NGAP_ID[29] AMF_UE_NGAP_ID[29] (../src/amf/amf-sm.c:1042)
09/27 20:37:58.252: [gmm] INFO: Registration request (../src/amf/gmm-sm.c:1678)
09/27 20:37:58.252: [gmm] INFO: [suci-0-999-70-0000-0-0-0000000001]    SUCI (../src/amf/gmm-handler.c:186)
09/27 20:37:58.275: [amf] INFO: [imsi-999700000000001:1] Release SM context [204] (../src/amf/amf-sm.c:615)
09/27 20:37:58.275: [amf] INFO: [imsi-999700000000001:1] Release SM Context [state:31] (../src/amf/nsmf-handler.c:1200)
09/27 20:37:58.275: [amf] INFO: [Removed] Number of AMF-Sessions is now 0 (../src/amf/context.c:2960)
09/27 20:37:58.287: [amf] WARNING: UnRef NF EndPoint(addr) [127.0.0.11:7777] (../src/amf/nausf-handler.c:130)
09/27 20:37:58.287: [amf] INFO: Setup NF EndPoint(addr) [127.0.0.11:7777] (../src/amf/nausf-handler.c:130)
09/27 20:37:58.323: [gmm] WARNING: [suci-0-999-70-0000-0-0-0000000001] Clear NG Context (../src/amf/gmm-sm.c:2597)
09/27 20:37:58.323: [gmm] WARNING: [suci-0-999-70-0000-0-0-0000000001]    RAN_UE_NGAP_ID[29] AMF_UE_NGAP_ID[29] (../src/amf/gmm-sm.c:2597)
09/27 20:37:58.327: [amf] INFO: UE Context Release [Action:1] (../src/amf/ngap-handler.c:1961)
09/27 20:37:58.327: [amf] INFO:     RAN_UE_NGAP_ID[29] AMF_UE_NGAP_ID[29] (../src/amf/ngap-handler.c:1962)
09/27 20:37:58.327: [amf] INFO: [Removed] Number of gNB-UEs is now 1 (../src/amf/context.c:2939)
09/27 20:37:58.367: [amf] WARNING: UnRef NF EndPoint(addr) [127.0.0.13:7777] (../src/amf/npcf-handler.c:143)
09/27 20:37:58.367: [amf] INFO: Setup NF EndPoint(addr) [127.0.0.13:7777] (../src/amf/npcf-handler.c:143)
09/27 20:37:58.577: [gmm] INFO: [imsi-999700000000001] Registration complete (../src/amf/gmm-sm.c:3165)
09/27 20:37:58.577: [amf] INFO: [imsi-999700000000001] Configuration update command (../src/amf/nas-path.c:609)
09/27 20:37:58.577: [gmm] INFO:     UTC [2026-09-27T15:07:58] Timezone[0]/DST[0] (../src/amf/gmm-build.c:551)
09/27 20:37:58.577: [gmm] INFO:     LOCAL [2026-09-27T20:37:58] Timezone[19800]/DST[0] (../src/amf/gmm-build.c:556)
09/27 20:37:58.578: [amf] INFO: [Added] Number of AMF-Sessions is now 1 (../src/amf/context.c:2953)
09/27 20:37:58.578: [gmm] INFO: UE SUPI[imsi-999700000000001] DNN[internet] LBO[0] S_NSSAI[SST:1 SD:0xffffff] smContextRef[NULL] smContextResourceURI[NULL] (../src/amf/gmm-handler.c:1430)
09/27 20:37:58.578: [gmm] INFO: V-SMF Instance [906c29ec-ba5d-41f1-be52-ad912ab46b09](LIST) (../src/amf/gmm-handler.c:1507)
09/27 20:37:58.578: [gmm] INFO: [906c29ec-ba5d-41f1-be52-ad912ab46b09] Setup NF Instance [type:SMF] (../src/amf/gmm-handler.c:1509)
09/27 20:37:58.578: [gmm] INFO: V-SMF Instance [906c29ec-ba5d-41f1-be52-ad912ab46b09] (../src/amf/gmm-handler.c:1519)
09/27 20:37:58.578: [gmm] INFO: V-SMF discovered in Non-Roaming or LBO-Roaming[0] (../src/amf/gmm-handler.c:1588)
09/27 20:37:58.578: [gmm] INFO: nsmf_pdusession [1:0x65506a9e8e70:(nil)] (../src/amf/gmm-handler.c:1628)
09/27 20:37:58.600: [amf] INFO: Setup NF EndPoint(addr) [127.0.0.4:7777] (../src/amf/nsmf-handler.c:140)
09/27 20:37:58.656: [amf] INFO: [imsi-999700000000001:1:11][0:0:NULL] /nsmf-pdusession/v1/sm-contexts/{smContextRef}/modify (../src/amf/nsmf-handler.c:983)
09/27 20:38:03.442: [amf] INFO: InitialUEMessage (../src/amf/ngap-handler.c:668)
09/27 20:38:03.442: [amf] INFO: [Added] Number of gNB-UEs is now 2 (../src/amf/context.c:2932)
09/27 20:38:03.442: [amf] INFO:     RAN_UE_NGAP_ID[31] AMF_UE_NGAP_ID[31] TAC[1] CellID[0x10] (../src/amf/ngap-handler.c:878)
09/27 20:38:03.442: [amf] INFO: [suci-0-999-70-0000-0-0-0000000001] known UE by SUCI (../src/amf/context.c:1932)
09/27 20:38:03.442: [amf] WARNING: [suci-0-999-70-0000-0-0-0000000001] Holding NG Context (../src/amf/amf-sm.c:1042)
09/27 20:38:03.442: [amf] WARNING: [suci-0-999-70-0000-0-0-0000000001]    RAN_UE_NGAP_ID[30] AMF_UE_NGAP_ID[30] (../src/amf/amf-sm.c:1042)
09/27 20:38:03.442: [gmm] INFO: Registration request (../src/amf/gmm-sm.c:1678)
09/27 20:38:03.442: [gmm] INFO: [suci-0-999-70-0000-0-0-0000000001]    SUCI (../src/amf/gmm-handler.c:186)
09/27 20:38:03.460: [amf] INFO: [imsi-999700000000001:1] Release SM context [204] (../src/amf/amf-sm.c:615)
09/27 20:38:03.460: [amf] INFO: [imsi-999700000000001:1] Release SM Context [state:31] (../src/amf/nsmf-handler.c:1200)
09/27 20:38:03.460: [amf] INFO: [Removed] Number of AMF-Sessions is now 0 (../src/amf/context.c:2960)
09/27 20:38:03.471: [amf] WARNING: UnRef NF EndPoint(addr) [127.0.0.11:7777] (../src/amf/nausf-handler.c:130)
09/27 20:38:03.471: [amf] INFO: Setup NF EndPoint(addr) [127.0.0.11:7777] (../src/amf/nausf-handler.c:130)
09/27 20:38:03.502: [gmm] WARNING: [suci-0-999-70-0000-0-0-0000000001] Clear NG Context (../src/amf/gmm-sm.c:2597)
09/27 20:38:03.502: [gmm] WARNING: [suci-0-999-70-0000-0-0-0000000001]    RAN_UE_NGAP_ID[30] AMF_UE_NGAP_ID[30] (../src/amf/gmm-sm.c:2597)
09/27 20:38:03.510: [amf] INFO: UE Context Release [Action:1] (../src/amf/ngap-handler.c:1961)
09/27 20:38:03.510: [amf] INFO:     RAN_UE_NGAP_ID[30] AMF_UE_NGAP_ID[30] (../src/amf/ngap-handler.c:1962)
09/27 20:38:03.510: [amf] INFO: [Removed] Number of gNB-UEs is now 1 (../src/amf/context.c:2939)
09/27 20:38:03.543: [amf] WARNING: UnRef NF EndPoint(addr) [127.0.0.13:7777] (../src/amf/npcf-handler.c:143)
09/27 20:38:03.543: [amf] INFO: Setup NF EndPoint(addr) [127.0.0.13:7777] (../src/amf/npcf-handler.c:143)
09/27 20:38:03.753: [gmm] INFO: [imsi-999700000000001] Registration complete (../src/amf/gmm-sm.c:3165)
09/27 20:38:03.753: [amf] INFO: [imsi-999700000000001] Configuration update command (../src/amf/nas-path.c:609)
09/27 20:38:03.753: [gmm] INFO:     UTC [2026-09-27T15:08:03] Timezone[0]/DST[0] (../src/amf/gmm-build.c:551)
09/27 20:38:03.753: [gmm] INFO:     LOCAL [2026-09-27T20:38:03] Timezone[19800]/DST[0] (../src/amf/gmm-build.c:556)
09/27 20:38:03.754: [amf] INFO: [Added] Number of AMF-Sessions is now 1 (../src/amf/context.c:2953)
09/27 20:38:03.754: [gmm] INFO: UE SUPI[imsi-999700000000001] DNN[internet] LBO[0] S_NSSAI[SST:1 SD:0xffffff] smContextRef[NULL] smContextResourceURI[NULL] (../src/amf/gmm-handler.c:1430)
09/27 20:38:03.754: [gmm] INFO: V-SMF Instance [906c29ec-ba5d-41f1-be52-ad912ab46b09](LIST) (../src/amf/gmm-handler.c:1507)
09/27 20:38:03.754: [gmm] INFO: [906c29ec-ba5d-41f1-be52-ad912ab46b09] Setup NF Instance [type:SMF] (../src/amf/gmm-handler.c:1509)
09/27 20:38:03.754: [gmm] INFO: V-SMF Instance [906c29ec-ba5d-41f1-be52-ad912ab46b09] (../src/amf/gmm-handler.c:1519)
09/27 20:38:03.754: [gmm] INFO: V-SMF discovered in Non-Roaming or LBO-Roaming[0] (../src/amf/gmm-handler.c:1588)
09/27 20:38:03.754: [gmm] INFO: nsmf_pdusession [1:0x65506a9e8e70:(nil)] (../src/amf/gmm-handler.c:1628)
09/27 20:38:03.769: [amf] INFO: Setup NF EndPoint(addr) [127.0.0.4:7777] (../src/amf/nsmf-handler.c:140)
09/27 20:38:03.820: [amf] INFO: [imsi-999700000000001:1:11][0:0:NULL] /nsmf-pdusession/v1/sm-contexts/{smContextRef}/modify (../src/amf/nsmf-handler.c:983)
09/27 20:38:08.749: [amf] INFO: InitialUEMessage (../src/amf/ngap-handler.c:668)
09/27 20:38:08.749: [amf] INFO: [Added] Number of gNB-UEs is now 2 (../src/amf/context.c:2932)
09/27 20:38:08.750: [amf] INFO:     RAN_UE_NGAP_ID[32] AMF_UE_NGAP_ID[32] TAC[1] CellID[0x10] (../src/amf/ngap-handler.c:878)
09/27 20:38:08.750: [amf] INFO: [suci-0-999-70-0000-0-0-0000000001] known UE by SUCI (../src/amf/context.c:1932)
09/27 20:38:08.750: [amf] WARNING: [suci-0-999-70-0000-0-0-0000000001] Holding NG Context (../src/amf/amf-sm.c:1042)
09/27 20:38:08.750: [amf] WARNING: [suci-0-999-70-0000-0-0-0000000001]    RAN_UE_NGAP_ID[31] AMF_UE_NGAP_ID[31] (../src/amf/amf-sm.c:1042)
09/27 20:38:08.750: [gmm] INFO: Registration request (../src/amf/gmm-sm.c:1678)
09/27 20:38:08.750: [gmm] INFO: [suci-0-999-70-0000-0-0-0000000001]    SUCI (../src/amf/gmm-handler.c:186)
09/27 20:38:08.785: [amf] INFO: [imsi-999700000000001:1] Release SM context [204] (../src/amf/amf-sm.c:615)
09/27 20:38:08.785: [amf] INFO: [imsi-999700000000001:1] Release SM Context [state:31] (../src/amf/nsmf-handler.c:1200)
09/27 20:38:08.785: [amf] INFO: [Removed] Number of AMF-Sessions is now 0 (../src/amf/context.c:2960)
09/27 20:38:08.802: [amf] WARNING: UnRef NF EndPoint(addr) [127.0.0.11:7777] (../src/amf/nausf-handler.c:130)
09/27 20:38:08.802: [amf] INFO: Setup NF EndPoint(addr) [127.0.0.11:7777] (../src/amf/nausf-handler.c:130)
09/27 20:38:08.839: [gmm] WARNING: [suci-0-999-70-0000-0-0-0000000001] Clear NG Context (../src/amf/gmm-sm.c:2597)
09/27 20:38:08.839: [gmm] WARNING: [suci-0-999-70-0000-0-0-0000000001]    RAN_UE_NGAP_ID[31] AMF_UE_NGAP_ID[31] (../src/amf/gmm-sm.c:2597)
09/27 20:38:08.843: [amf] INFO: UE Context Release [Action:1] (../src/amf/ngap-handler.c:1961)
09/27 20:38:08.843: [amf] INFO:     RAN_UE_NGAP_ID[31] AMF_UE_NGAP_ID[31] (../src/amf/ngap-handler.c:1962)
09/27 20:38:08.843: [amf] INFO: [Removed] Number of gNB-UEs is now 1 (../src/amf/context.c:2939)
09/27 20:38:08.901: [amf] WARNING: UnRef NF EndPoint(addr) [127.0.0.13:7777] (../src/amf/npcf-handler.c:143)
09/27 20:38:08.901: [amf] INFO: Setup NF EndPoint(addr) [127.0.0.13:7777] (../src/amf/npcf-handler.c:143)
09/27 20:38:09.106: [gmm] INFO: [imsi-999700000000001] Registration complete (../src/amf/gmm-sm.c:3165)
09/27 20:38:09.106: [amf] INFO: [imsi-999700000000001] Configuration update command (../src/amf/nas-path.c:609)
09/27 20:38:09.106: [gmm] INFO:     UTC [2026-09-27T15:08:09] Timezone[0]/DST[0] (../src/amf/gmm-build.c:551)
09/27 20:38:09.106: [gmm] INFO:     LOCAL [2026-09-27T20:38:09] Timezone[19800]/DST[0] (../src/amf/gmm-build.c:556)
09/27 20:38:09.108: [amf] INFO: [Added] Number of AMF-Sessions is now 1 (../src/amf/context.c:2953)
09/27 20:38:09.108: [gmm] INFO: UE SUPI[imsi-999700000000001] DNN[internet] LBO[0] S_NSSAI[SST:1 SD:0xffffff] smContextRef[NULL] smContextResourceURI[NULL] (../src/amf/gmm-handler.c:1430)
09/27 20:38:09.108: [gmm] INFO: V-SMF Instance [906c29ec-ba5d-41f1-be52-ad912ab46b09](LIST) (../src/amf/gmm-handler.c:1507)
09/27 20:38:09.108: [gmm] INFO: [906c29ec-ba5d-41f1-be52-ad912ab46b09] Setup NF Instance [type:SMF] (../src/amf/gmm-handler.c:1509)
09/27 20:38:09.108: [gmm] INFO: V-SMF Instance [906c29ec-ba5d-41f1-be52-ad912ab46b09] (../src/amf/gmm-handler.c:1519)
09/27 20:38:09.108: [gmm] INFO: V-SMF discovered in Non-Roaming or LBO-Roaming[0] (../src/amf/gmm-handler.c:1588)
09/27 20:38:09.108: [gmm] INFO: nsmf_pdusession [1:0x65506a9e8e70:(nil)] (../src/amf/gmm-handler.c:1628)
09/27 20:38:09.137: [amf] INFO: Setup NF EndPoint(addr) [127.0.0.4:7777] (../src/amf/nsmf-handler.c:140)
09/27 20:38:09.192: [amf] INFO: [imsi-999700000000001:1:11][0:0:NULL] /nsmf-pdusession/v1/sm-contexts/{smContextRef}/modify (../src/amf/nsmf-handler.c:983)
09/27 20:38:13.970: [amf] INFO: InitialUEMessage (../src/amf/ngap-handler.c:668)
09/27 20:38:13.970: [amf] INFO: [Added] Number of gNB-UEs is now 2 (../src/amf/context.c:2932)
09/27 20:38:13.970: [amf] INFO:     RAN_UE_NGAP_ID[33] AMF_UE_NGAP_ID[33] TAC[1] CellID[0x10] (../src/amf/ngap-handler.c:878)
09/27 20:38:13.970: [amf] INFO: [suci-0-999-70-0000-0-0-0000000001] known UE by SUCI (../src/amf/context.c:1932)
09/27 20:38:13.970: [amf] WARNING: [suci-0-999-70-0000-0-0-0000000001] Holding NG Context (../src/amf/amf-sm.c:1042)
09/27 20:38:13.970: [amf] WARNING: [suci-0-999-70-0000-0-0-0000000001]    RAN_UE_NGAP_ID[32] AMF_UE_NGAP_ID[32] (../src/amf/amf-sm.c:1042)
09/27 20:38:13.970: [gmm] INFO: Registration request (../src/amf/gmm-sm.c:1678)
09/27 20:38:13.970: [gmm] INFO: [suci-0-999-70-0000-0-0-0000000001]    SUCI (../src/amf/gmm-handler.c:186)
09/27 20:38:13.996: [amf] INFO: [imsi-999700000000001:1] Release SM context [204] (../src/amf/amf-sm.c:615)
09/27 20:38:13.996: [amf] INFO: [imsi-999700000000001:1] Release SM Context [state:31] (../src/amf/nsmf-handler.c:1200)
09/27 20:38:13.996: [amf] INFO: [Removed] Number of AMF-Sessions is now 0 (../src/amf/context.c:2960)
09/27 20:38:14.016: [amf] WARNING: UnRef NF EndPoint(addr) [127.0.0.11:7777] (../src/amf/nausf-handler.c:130)
09/27 20:38:14.016: [amf] INFO: Setup NF EndPoint(addr) [127.0.0.11:7777] (../src/amf/nausf-handler.c:130)
09/27 20:38:14.055: [gmm] WARNING: [suci-0-999-70-0000-0-0-0000000001] Clear NG Context (../src/amf/gmm-sm.c:2597)
09/27 20:38:14.056: [gmm] WARNING: [suci-0-999-70-0000-0-0-0000000001]    RAN_UE_NGAP_ID[32] AMF_UE_NGAP_ID[32] (../src/amf/gmm-sm.c:2597)
09/27 20:38:14.058: [amf] INFO: UE Context Release [Action:1] (../src/amf/ngap-handler.c:1961)
09/27 20:38:14.058: [amf] INFO:     RAN_UE_NGAP_ID[32] AMF_UE_NGAP_ID[32] (../src/amf/ngap-handler.c:1962)
09/27 20:38:14.058: [amf] INFO: [Removed] Number of gNB-UEs is now 1 (../src/amf/context.c:2939)
09/27 20:38:14.110: [amf] WARNING: UnRef NF EndPoint(addr) [127.0.0.13:7777] (../src/amf/npcf-handler.c:143)
09/27 20:38:14.110: [amf] INFO: Setup NF EndPoint(addr) [127.0.0.13:7777] (../src/amf/npcf-handler.c:143)
09/27 20:38:14.313: [gmm] INFO: [imsi-999700000000001] Registration complete (../src/amf/gmm-sm.c:3165)
09/27 20:38:14.313: [amf] INFO: [imsi-999700000000001] Configuration update command (../src/amf/nas-path.c:609)
09/27 20:38:14.313: [gmm] INFO:     UTC [2026-09-27T15:08:14] Timezone[0]/DST[0] (../src/amf/gmm-build.c:551)
09/27 20:38:14.313: [gmm] INFO:     LOCAL [2026-09-27T20:38:14] Timezone[19800]/DST[0] (../src/amf/gmm-build.c:556)
09/27 20:38:14.314: [amf] INFO: [Added] Number of AMF-Sessions is now 1 (../src/amf/context.c:2953)
09/27 20:38:14.314: [gmm] INFO: UE SUPI[imsi-999700000000001] DNN[internet] LBO[0] S_NSSAI[SST:1 SD:0xffffff] smContextRef[NULL] smContextResourceURI[NULL] (../src/amf/gmm-handler.c:1430)
09/27 20:38:14.314: [gmm] INFO: V-SMF Instance [906c29ec-ba5d-41f1-be52-ad912ab46b09](LIST) (../src/amf/gmm-handler.c:1507)
09/27 20:38:14.314: [gmm] INFO: [906c29ec-ba5d-41f1-be52-ad912ab46b09] Setup NF Instance [type:SMF] (../src/amf/gmm-handler.c:1509)
09/27 20:38:14.314: [gmm] INFO: V-SMF Instance [906c29ec-ba5d-41f1-be52-ad912ab46b09] (../src/amf/gmm-handler.c:1519)
09/27 20:38:14.314: [gmm] INFO: V-SMF discovered in Non-Roaming or LBO-Roaming[0] (../src/amf/gmm-handler.c:1588)
09/27 20:38:14.314: [gmm] INFO: nsmf_pdusession [1:0x65506a9e8e70:(nil)] (../src/amf/gmm-handler.c:1628)
09/27 20:38:14.352: [amf] INFO: Setup NF EndPoint(addr) [127.0.0.4:7777] (../src/amf/nsmf-handler.c:140)
09/27 20:38:14.430: [amf] INFO: [imsi-999700000000001:1:11][0:0:NULL] /nsmf-pdusession/v1/sm-contexts/{smContextRef}/modify (../src/amf/nsmf-handler.c:983)
09/27 20:38:19.173: [amf] INFO: InitialUEMessage (../src/amf/ngap-handler.c:668)
09/27 20:38:19.173: [amf] INFO: [Added] Number of gNB-UEs is now 2 (../src/amf/context.c:2932)
09/27 20:38:19.173: [amf] INFO:     RAN_UE_NGAP_ID[34] AMF_UE_NGAP_ID[34] TAC[1] CellID[0x10] (../src/amf/ngap-handler.c:878)
09/27 20:38:19.173: [amf] INFO: [suci-0-999-70-0000-0-0-0000000001] known UE by SUCI (../src/amf/context.c:1932)
09/27 20:38:19.173: [amf] WARNING: [suci-0-999-70-0000-0-0-0000000001] Holding NG Context (../src/amf/amf-sm.c:1042)
09/27 20:38:19.173: [amf] WARNING: [suci-0-999-70-0000-0-0-0000000001]    RAN_UE_NGAP_ID[33] AMF_UE_NGAP_ID[33] (../src/amf/amf-sm.c:1042)
09/27 20:38:19.173: [gmm] INFO: Registration request (../src/amf/gmm-sm.c:1678)
09/27 20:38:19.173: [gmm] INFO: [suci-0-999-70-0000-0-0-0000000001]    SUCI (../src/amf/gmm-handler.c:186)
09/27 20:38:19.194: [amf] INFO: [imsi-999700000000001:1] Release SM context [204] (../src/amf/amf-sm.c:615)
09/27 20:38:19.194: [amf] INFO: [imsi-999700000000001:1] Release SM Context [state:31] (../src/amf/nsmf-handler.c:1200)
09/27 20:38:19.194: [amf] INFO: [Removed] Number of AMF-Sessions is now 0 (../src/amf/context.c:2960)
09/27 20:38:19.209: [amf] WARNING: UnRef NF EndPoint(addr) [127.0.0.11:7777] (../src/amf/nausf-handler.c:130)
09/27 20:38:19.209: [amf] INFO: Setup NF EndPoint(addr) [127.0.0.11:7777] (../src/amf/nausf-handler.c:130)
09/27 20:38:19.237: [gmm] WARNING: [suci-0-999-70-0000-0-0-0000000001] Clear NG Context (../src/amf/gmm-sm.c:2597)
09/27 20:38:19.237: [gmm] WARNING: [suci-0-999-70-0000-0-0-0000000001]    RAN_UE_NGAP_ID[33] AMF_UE_NGAP_ID[33] (../src/amf/gmm-sm.c:2597)
09/27 20:38:19.243: [amf] INFO: UE Context Release [Action:1] (../src/amf/ngap-handler.c:1961)
09/27 20:38:19.243: [amf] INFO:     RAN_UE_NGAP_ID[33] AMF_UE_NGAP_ID[33] (../src/amf/ngap-handler.c:1962)
09/27 20:38:19.243: [amf] INFO: [Removed] Number of gNB-UEs is now 1 (../src/amf/context.c:2939)
09/27 20:38:19.293: [amf] WARNING: UnRef NF EndPoint(addr) [127.0.0.13:7777] (../src/amf/npcf-handler.c:143)
09/27 20:38:19.293: [amf] INFO: Setup NF EndPoint(addr) [127.0.0.13:7777] (../src/amf/npcf-handler.c:143)
09/27 20:38:19.506: [gmm] INFO: [imsi-999700000000001] Registration complete (../src/amf/gmm-sm.c:3165)
09/27 20:38:19.507: [amf] INFO: [imsi-999700000000001] Configuration update command (../src/amf/nas-path.c:609)
09/27 20:38:19.508: [gmm] INFO:     UTC [2026-09-27T15:08:19] Timezone[0]/DST[0] (../src/amf/gmm-build.c:551)
09/27 20:38:19.508: [gmm] INFO:     LOCAL [2026-09-27T20:38:19] Timezone[19800]/DST[0] (../src/amf/gmm-build.c:556)
09/27 20:38:19.508: [amf] INFO: [Added] Number of AMF-Sessions is now 1 (../src/amf/context.c:2953)
09/27 20:38:19.509: [gmm] INFO: UE SUPI[imsi-999700000000001] DNN[internet] LBO[0] S_NSSAI[SST:1 SD:0xffffff] smContextRef[NULL] smContextResourceURI[NULL] (../src/amf/gmm-handler.c:1430)
09/27 20:38:19.510: [gmm] INFO: V-SMF Instance [906c29ec-ba5d-41f1-be52-ad912ab46b09](LIST) (../src/amf/gmm-handler.c:1507)
09/27 20:38:19.510: [gmm] INFO: [906c29ec-ba5d-41f1-be52-ad912ab46b09] Setup NF Instance [type:SMF] (../src/amf/gmm-handler.c:1509)
09/27 20:38:19.510: [gmm] INFO: V-SMF Instance [906c29ec-ba5d-41f1-be52-ad912ab46b09] (../src/amf/gmm-handler.c:1519)
09/27 20:38:19.510: [gmm] INFO: V-SMF discovered in Non-Roaming or LBO-Roaming[0] (../src/amf/gmm-handler.c:1588)
09/27 20:38:19.510: [gmm] INFO: nsmf_pdusession [1:0x65506a9e8e70:(nil)] (../src/amf/gmm-handler.c:1628)
09/27 20:38:19.542: [amf] INFO: Setup NF EndPoint(addr) [127.0.0.4:7777] (../src/amf/nsmf-handler.c:140)
09/27 20:38:19.637: [amf] INFO: [imsi-999700000000001:1:11][0:0:NULL] /nsmf-pdusession/v1/sm-contexts/{smContextRef}/modify (../src/amf/nsmf-handler.c:983)
